{
  "trial_id": "ae_f16-32-128_k25-25-7",
  "model_kind": "ae",
  "arch": {
    "filters": [
      16,
      32,
      128
    ],
    "kernels": [
      25,
      25,
      7
    ],
    "z_dim": 64,
    "dropout": 0.1
  },
  "score": 0.0069281507871652905,
  "best_val_recon": 0.0069281507871652905
}