{
  "trial_id": "ae_f16-64-128_k25-7-25",
  "model_kind": "ae",
  "arch": {
    "filters": [
      16,
      64,
      128
    ],
    "kernels": [
      25,
      7,
      25
    ],
    "z_dim": 64,
    "dropout": 0.1
  },
  "score": 0.0073347449988911025,
  "best_val_recon": 0.0073347449988911025
}