{
  "trial_id": "ae_f32-32-64_k25-7-7",
  "model_kind": "ae",
  "arch": {
    "filters": [
      32,
      32,
      64
    ],
    "kernels": [
      25,
      7,
      7
    ],
    "z_dim": 64,
    "dropout": 0.1
  },
  "score": 0.007078385813847969,
  "best_val_recon": 0.007078385813847969
}