{
  "trial_id": "ae_f16-64-64_k7-13-7",
  "model_kind": "ae",
  "arch": {
    "filters": [
      16,
      64,
      64
    ],
    "kernels": [
      7,
      13,
      7
    ],
    "z_dim": 64,
    "dropout": 0.1
  },
  "score": 0.007015775129395096,
  "best_val_recon": 0.007015775129395096
}