{
  "trial_id": "ae_f32-32-64_k13-13-25",
  "model_kind": "ae",
  "arch": {
    "filters": [
      32,
      32,
      64
    ],
    "kernels": [
      13,
      13,
      25
    ],
    "z_dim": 64,
    "dropout": 0.1
  },
  "score": 0.007536994685467921,
  "best_val_recon": 0.007536994685467921
}