{
  "trial_id": "ae_f32-32-64_k7-25-25",
  "model_kind": "ae",
  "arch": {
    "filters": [
      32,
      32,
      64
    ],
    "kernels": [
      7,
      25,
      25
    ],
    "z_dim": 64,
    "dropout": 0.1
  },
  "score": 0.007761391198360606,
  "best_val_recon": 0.007761391198360606
}