{
  "trial_id": "ae_f32-32-128_k25-7-25",
  "model_kind": "ae",
  "arch": {
    "filters": [
      32,
      32,
      128
    ],
    "kernels": [
      25,
      7,
      25
    ],
    "z_dim": 64,
    "dropout": 0.1
  },
  "score": 0.007556292154875241,
  "best_val_recon": 0.007556292154875241
}