{
  "trial_id": "ae_f32-64-128_k25-13-7",
  "model_kind": "ae",
  "arch": {
    "filters": [
      32,
      64,
      128
    ],
    "kernels": [
      25,
      13,
      7
    ],
    "z_dim": 64,
    "dropout": 0.1
  },
  "score": 0.00701828739654861,
  "best_val_recon": 0.00701828739654861
}