{
  "trial_id": "ae_f16-64-128_k7-7-25",
  "model_kind": "ae",
  "arch": {
    "filters": [
      16,
      64,
      128
    ],
    "kernels": [
      7,
      7,
      25
    ],
    "z_dim": 64,
    "dropout": 0.1
  },
  "score": 0.007315226266846845,
  "best_val_recon": 0.007315226266846845
}