{
  "trial_id": "ae_f32-32-128_k7-13-13",
  "model_kind": "ae",
  "arch": {
    "filters": [
      32,
      32,
      128
    ],
    "kernels": [
      7,
      13,
      13
    ],
    "z_dim": 64,
    "dropout": 0.1
  },
  "score": 0.007065883175911088,
  "best_val_recon": 0.007065883175911088
}