{
  "trial_id": "ae_f16-32-128_k7-25-13",
  "model_kind": "ae",
  "arch": {
    "filters": [
      16,
      32,
      128
    ],
    "kernels": [
      7,
      25,
      13
    ],
    "z_dim": 64,
    "dropout": 0.1
  },
  "score": 0.007609027413357245,
  "best_val_recon": 0.007609027413357245
}