{
  "trial_id": "ae_f16-64-128_k7-7-13",
  "model_kind": "ae",
  "arch": {
    "filters": [
      16,
      64,
      128
    ],
    "kernels": [
      7,
      7,
      13
    ],
    "z_dim": 64,
    "dropout": 0.1
  },
  "score": 0.0070335488815448785,
  "best_val_recon": 0.0070335488815448785
}