{
  "trial_id": "ae_f32-64-128_k25-13-13",
  "model_kind": "ae",
  "arch": {
    "filters": [
      32,
      64,
      128
    ],
    "kernels": [
      25,
      13,
      13
    ],
    "z_dim": 64,
    "dropout": 0.1
  },
  "score": 0.007328623366591178,
  "best_val_recon": 0.007328623366591178
}