{
  "trial_id": "ae_f16-64-64_k13-13-25",
  "model_kind": "ae",
  "arch": {
    "filters": [
      16,
      64,
      64
    ],
    "kernels": [
      13,
      13,
      25
    ],
    "z_dim": 64,
    "dropout": 0.1
  },
  "score": 0.0077790460843396815,
  "best_val_recon": 0.0077790460843396815
}