{
  "trial_id": "ae_f16-64-64_k7-7-25",
  "model_kind": "ae",
  "arch": {
    "filters": [
      16,
      64,
      64
    ],
    "kernels": [
      7,
      7,
      25
    ],
    "z_dim": 64,
    "dropout": 0.1
  },
  "score": 0.0071893446882696525,
  "best_val_recon": 0.0071893446882696525
}