{
  "ticker": "AAPL",
  "can_execute": true,
  "acu_rand": [
    0.2727272727272727,
    0.45454545454545453,
    0.2727272727272727,
    0.2727272727272727,
    0.22727272727272727,
    0.4090909090909091,
    0.45454545454545453,
    0.2727272727272727,
    0.5,
    0.36363636363636365,
    0.36363636363636365,
    0.3181818181818182,
    0.4090909090909091,
    0.2727272727272727,
    0.5,
    0.4090909090909091,
    0.3181818181818182,
    0.4090909090909091,
    0.3181818181818182,
    0.22727272727272727
  ],
  "acu_raw": [
    0.6818181872367859,
    0.6818181872367859,
    0.7272727489471436,
    0.7727273106575012,
    0.7272727489471436,
    0.7272727489471436,
    0.6818181872367859,
    0.6818181872367859,
    0.6818181872367859,
    0.6818181872367859,
    0.6818181872367859,
    0.6818181872367859,
    0.6818181872367859,
    0.6818181872367859,
    0.6818181872367859,
    0.6818181872367859,
    0.7272727489471436,
    0.7272727489471436,
    0.7272727489471436,
    0.6818181872367859
  ],
  "acu_encoder": [
    0.7727273106575012,
    0.7272727489471436,
    0.7727273106575012,
    0.6818181872367859,
    0.6818181872367859,
    0.7272727489471436,
    0.6818181872367859,
    0.7272727489471436,
    0.7272727489471436,
    0.8181818723678589,
    0.7272727489471436,
    0.7272727489471436,
    0.7272727489471436,
    0.6818181872367859,
    0.8181818723678589,
    0.7272727489471436,
    0.7727273106575012,
    0.6818181872367859,
    0.7727273106575012,
    0.7727273106575012
  ],
  "acu_encoder_adversarial": [
    0.7727273106575012,
    0.7727273106575012,
    0.7272727489471436,
    0.7272727489471436,
    0.7272727489471436,
    0.7272727489471436,
    0.7272727489471436,
    0.7727273106575012,
    0.7272727489471436,
    0.7727273106575012,
    0.7727273106575012,
    0.7727273106575012,
    0.7727273106575012,
    0.7272727489471436,
    0.7272727489471436,
    0.7272727489471436,
    0.7727273106575012,
    0.7272727489471436,
    0.7727273106575012,
    0.8181818723678589
  ],
  "p_te_vs_rc": 2.1247516139149918e-08,
  "p_te_vs_prd": 4.23648234803283e-06,
  "p_te_vs_ae": 0.08124781880941806,
  "mean_rand": 0.35227272727272735,
  "mean_raw": 0.700000011920929,
  "mean_encoder": 0.736363661289215,
  "mean_encoder_adversarial": 0.7522727578878403
}