{
  "ticker": "CVX",
  "can_execute": true,
  "acu_rand": [
    0.3181818181818182,
    0.22727272727272727,
    0.36363636363636365,
    0.3181818181818182,
    0.4090909090909091,
    0.22727272727272727,
    0.09090909090909091,
    0.2727272727272727,
    0.22727272727272727,
    0.4090909090909091,
    0.18181818181818182,
    0.13636363636363635,
    0.18181818181818182,
    0.3181818181818182,
    0.4090909090909091,
    0.36363636363636365,
    0.45454545454545453,
    0.2727272727272727,
    0.36363636363636365,
    0.45454545454545453
  ],
  "acu_raw": [
    0.375,
    0.4583333333333333,
    0.4583333333333333,
    0.4583333333333333,
    0.4166666666666667,
    0.4166666666666667,
    0.4583333333333333,
    0.4583333333333333,
    0.375,
    0.4166666666666667,
    0.4583333333333333,
    0.375,
    0.4166666666666667,
    0.4583333333333333,
    0.375,
    0.4166666666666667,
    0.4583333333333333,
    0.3333333333333333,
    0.4166666666666667,
    0.375
  ],
  "acu_encoder": [
    0.5454545617103577,
    0.5,
    0.4545454680919647,
    0.5454545617103577,
    0.5,
    0.4545454680919647,
    0.5454545617103577,
    0.5454545617103577,
    0.5,
    0.5,
    0.5454545617103577,
    0.40909093618392944,
    0.5454545617103577,
    0.4545454680919647,
    0.5,
    0.4545454680919647,
    0.5454545617103577,
    0.5454545617103577,
    0.4545454680919647,
    0.4545454680919647
  ],
  "acu_encoder_adversarial": [
    0.5454545617103577,
    0.5454545617103577,
    0.5,
    0.5909091234207153,
    0.5,
    0.5,
    0.4545454680919647,
    0.5454545617103577,
    0.5,
    0.4545454680919647,
    0.4545454680919647,
    0.5,
    0.5,
    0.5454545617103577,
    0.5,
    0.4545454680919647,
    0.5454545617103577,
    0.5,
    0.4545454680919647,
    0.4545454680919647
  ],
  "p_te_vs_rc": 2.7102348707195072e-08,
  "p_te_vs_prd": 1.643641716793907e-05,
  "p_te_vs_ae": 0.5056720377203588,
  "mean_rand": 0.29999999999999993,
  "mean_raw": 0.41875,
  "mean_encoder": 0.5000000119209289,
  "mean_encoder_adversarial": 0.5022727370262146
}