{
  "ticker": "JNJ",
  "can_execute": true,
  "acu_rand": [
    0.22727272727272727,
    0.3181818181818182,
    0.5,
    0.5,
    0.4090909090909091,
    0.3181818181818182,
    0.4090909090909091,
    0.22727272727272727,
    0.2727272727272727,
    0.4090909090909091,
    0.3181818181818182,
    0.5,
    0.3181818181818182,
    0.36363636363636365,
    0.2727272727272727,
    0.36363636363636365,
    0.4090909090909091,
    0.3181818181818182,
    0.13636363636363635,
    0.3181818181818182
  ],
  "acu_raw": [
    0.5833333333333334,
    0.625,
    0.625,
    0.625,
    0.5833333333333334,
    0.5833333333333334,
    0.625,
    0.625,
    0.625,
    0.5833333333333334,
    0.5833333333333334,
    0.5833333333333334,
    0.625,
    0.625,
    0.5833333333333334,
    0.5416666666666666,
    0.5833333333333334,
    0.5833333333333334,
    0.625,
    0.625
  ],
  "acu_encoder": [
    0.5833333333333334,
    0.5833333333333334,
    0.5833333333333334,
    0.5833333333333334,
    0.5416666666666666,
    0.5833333333333334,
    0.5833333333333334,
    0.5416666666666666,
    0.5,
    0.625,
    0.5833333333333334,
    0.5833333333333334,
    0.5416666666666666,
    0.5833333333333334,
    0.5833333333333334,
    0.625,
    0.5833333333333334,
    0.5833333333333334,
    0.5833333333333334,
    0.5833333333333334
  ],
  "acu_encoder_adversarial": [
    0.5454545617103577,
    0.5,
    0.5454545617103577,
    0.5,
    0.5454545617103577,
    0.5454545617103577,
    0.5,
    0.4545454680919647,
    0.5454545617103577,
    0.5,
    0.5454545617103577,
    0.5454545617103577,
    0.5454545617103577,
    0.5454545617103577,
    0.5454545617103577,
    0.5454545617103577,
    0.5454545617103577,
    0.5454545617103577,
    0.40909093618392944,
    0.4545454680919647
  ],
  "p_te_vs_rc": 1.6602010029245358e-07,
  "p_te_vs_prd": 0.9999999182147584,
  "p_te_vs_ae": 0.9999818541258597,
  "mean_rand": 0.3454545454545455,
  "mean_raw": 0.6020833333333334,
  "mean_encoder": 0.5770833333333334,
  "mean_encoder_adversarial": 0.5204545587301255
}