{
  "ticker": "MSFT",
  "can_execute": true,
  "acu_rand": [
    0.36363636363636365,
    0.13636363636363635,
    0.18181818181818182,
    0.22727272727272727,
    0.36363636363636365,
    0.22727272727272727,
    0.045454545454545456,
    0.36363636363636365,
    0.2727272727272727,
    0.3181818181818182,
    0.2727272727272727,
    0.09090909090909091,
    0.2727272727272727,
    0.36363636363636365,
    0.2727272727272727,
    0.4090909090909091,
    0.09090909090909091,
    0.2727272727272727,
    0.2727272727272727,
    0.36363636363636365
  ],
  "acu_raw": [
    0.5833333333333334,
    0.4166666666666667,
    0.5416666666666666,
    0.5,
    0.4166666666666667,
    0.5833333333333334,
    0.4583333333333333,
    0.4583333333333333,
    0.4583333333333333,
    0.4583333333333333,
    0.4166666666666667,
    0.4583333333333333,
    0.5,
    0.5416666666666666,
    0.5416666666666666,
    0.5,
    0.4166666666666667,
    0.4583333333333333,
    0.4583333333333333,
    0.5
  ],
  "acu_encoder": [
    0.5909091234207153,
    0.5909091234207153,
    0.5454545617103577,
    0.5,
    0.4545454680919647,
    0.4545454680919647,
    0.5909091234207153,
    0.5454545617103577,
    0.5,
    0.5,
    0.4545454680919647,
    0.5,
    0.5,
    0.5,
    0.5,
    0.5454545617103577,
    0.5454545617103577,
    0.5454545617103577,
    0.4545454680919647,
    0.5
  ],
  "acu_encoder_adversarial": [
    0.5,
    0.5416666666666666,
    0.5833333333333334,
    0.5416666666666666,
    0.5,
    0.4583333333333333,
    0.4583333333333333,
    0.5833333333333334,
    0.5,
    0.4583333333333333,
    0.5416666666666666,
    0.4583333333333333,
    0.5,
    0.5416666666666666,
    0.5833333333333334,
    0.5833333333333334,
    0.5,
    0.5833333333333334,
    0.5,
    0.5833333333333334
  ],
  "p_te_vs_rc": 2.753830779527282e-08,
  "p_te_vs_prd": 0.007578406309075487,
  "p_te_vs_ae": 0.3538798681925999,
  "mean_rand": 0.25909090909090904,
  "mean_raw": 0.4833333333333334,
  "mean_encoder": 0.5159091025590896,
  "mean_encoder_adversarial": 0.5250000000000001
}