{
  "ticker": "JPM",
  "can_execute": true,
  "acu_rand": [
    0.45454545454545453,
    0.3181818181818182,
    0.2727272727272727,
    0.36363636363636365,
    0.2727272727272727,
    0.22727272727272727,
    0.36363636363636365,
    0.18181818181818182,
    0.5454545454545454,
    0.22727272727272727,
    0.36363636363636365,
    0.3181818181818182,
    0.2727272727272727,
    0.3181818181818182,
    0.3181818181818182,
    0.5454545454545454,
    0.22727272727272727,
    0.3181818181818182,
    0.22727272727272727,
    0.2727272727272727
  ],
  "acu_raw": [
    0.5909091234207153,
    0.6363636255264282,
    0.7272727489471436,
    0.6363636255264282,
    0.5909091234207153,
    0.6363636255264282,
    0.5909091234207153,
    0.6363636255264282,
    0.6363636255264282,
    0.6363636255264282,
    0.6363636255264282,
    0.6363636255264282,
    0.7272727489471436,
    0.6818181872367859,
    0.5909091234207153,
    0.6363636255264282,
    0.7272727489471436,
    0.6818181872367859,
    0.5909091234207153,
    0.5909091234207153
  ],
  "acu_encoder": [
    0.6818181872367859,
    0.7272727489471436,
    0.7272727489471436,
    0.6818181872367859,
    0.6363636255264282,
    0.6363636255264282,
    0.6818181872367859,
    0.7272727489471436,
    0.6363636255264282,
    0.7272727489471436,
    0.6818181872367859,
    0.6363636255264282,
    0.6363636255264282,
    0.6363636255264282,
    0.6818181872367859,
    0.7272727489471436,
    0.6818181872367859,
    0.6363636255264282,
    0.5909091234207153,
    0.7272727489471436
  ],
  "acu_encoder_adversarial": [
    0.5909091234207153,
    0.5909091234207153,
    0.5909091234207153,
    0.6363636255264282,
    0.5909091234207153,
    0.6363636255264282,
    0.6363636255264282,
    0.6818181872367859,
    0.6363636255264282,
    0.6363636255264282,
    0.7272727489471436,
    0.5909091234207153,
    0.5909091234207153,
    0.6818181872367859,
    0.6363636255264282,
    0.5909091234207153,
    0.6363636255264282,
    0.5909091234207153,
    0.6363636255264282,
    0.7272727489471436
  ],
  "p_te_vs_rc": 2.4938187900014608e-08,
  "p_te_vs_prd": 0.7512481740311368,
  "p_te_vs_ae": 0.9983922754800757,
  "mean_rand": 0.32045454545454544,
  "mean_raw": 0.6409090995788574,
  "mean_encoder": 0.6750000059604645,
  "mean_encoder_adversarial": 0.6318181931972504
}