{
  "trial_id": "te_f16-32-64_k7-7-7",
  "model_kind": "te",
  "arch": {
    "filters": [
      16,
      32,
      64
    ],
    "kernels": [
      7,
      7,
      7
    ],
    "z_dim": 64,
    "dropout": 0.1
  },
  "score": 0.007740792107621306,
  "best_val_total": 0.007740792107621306,
  "best_val_recon": 0.007640033960342407,
  "best_val_adv": 0.0001007582156346057
}