{
  "trial_id": "te_f16-32-64_k13-13-25",
  "model_kind": "te",
  "arch": {
    "filters": [
      16,
      32,
      64
    ],
    "kernels": [
      13,
      13,
      25
    ],
    "z_dim": 64,
    "dropout": 0.1
  },
  "score": 0.008714844178604452,
  "best_val_total": 0.008714844178604452,
  "best_val_recon": 0.008471052186857713,
  "best_val_adv": 0.00024379187150196614
}