{
  "trial_id": "te_f16-32-64_k13-13-7",
  "model_kind": "te",
  "arch": {
    "filters": [
      16,
      32,
      64
    ],
    "kernels": [
      13,
      13,
      7
    ],
    "z_dim": 64,
    "dropout": 0.1
  },
  "score": 0.008098218810597533,
  "best_val_total": 0.008098218810597533,
  "best_val_recon": 0.0077972782677725744,
  "best_val_adv": 0.000300940588778375
}