{
  "trial_id": "te_f32-32-64_k7-7-13",
  "model_kind": "te",
  "arch": {
    "filters": [
      32,
      32,
      64
    ],
    "kernels": [
      7,
      7,
      13
    ],
    "z_dim": 64,
    "dropout": 0.1
  },
  "score": 0.008062705985809627,
  "best_val_total": 0.008062705985809627,
  "best_val_recon": 0.007971948502879394,
  "best_val_adv": 9.075741687219736e-05
}