{
  "trial_id": "te_f16-64-64_k13-25-7",
  "model_kind": "te",
  "arch": {
    "filters": [
      16,
      64,
      64
    ],
    "kernels": [
      13,
      25,
      7
    ],
    "z_dim": 64,
    "dropout": 0.1
  },
  "score": 0.008228528631949112,
  "best_val_total": 0.008228528631949112,
  "best_val_recon": 0.008095377002303538,
  "best_val_adv": 0.0001331516798113865
}