{
  "trial_id": "te_f16-64-64_k25-25-7",
  "model_kind": "te",
  "arch": {
    "filters": [
      16,
      64,
      64
    ],
    "kernels": [
      25,
      25,
      7
    ],
    "z_dim": 64,
    "dropout": 0.1
  },
  "score": 0.008576012902746075,
  "best_val_total": 0.008576012902746075,
  "best_val_recon": 0.008203816845228798,
  "best_val_adv": 0.0003721960743668636
}