{
  "trial_id": "te_f16-64-128_k25-7-13",
  "model_kind": "te",
  "arch": {
    "filters": [
      16,
      64,
      128
    ],
    "kernels": [
      25,
      7,
      13
    ],
    "z_dim": 64,
    "dropout": 0.1
  },
  "score": 0.00801656201579853,
  "best_val_total": 0.00801656201579853,
  "best_val_recon": 0.00781366866278021,
  "best_val_adv": 0.00020289331395791747
}