{
  "trial_id": "te_f16-64-64_k25-25-25",
  "model_kind": "te",
  "arch": {
    "filters": [
      16,
      64,
      64
    ],
    "kernels": [
      25,
      25,
      25
    ],
    "z_dim": 64,
    "dropout": 0.1
  },
  "score": 0.00842359561571165,
  "best_val_total": 0.00842359561571165,
  "best_val_recon": 0.008179782277071163,
  "best_val_adv": 0.0002438133838280153
}