{
  "trial_id": "te_f32-32-128_k7-25-13",
  "model_kind": "te",
  "arch": {
    "filters": [
      32,
      32,
      128
    ],
    "kernels": [
      7,
      25,
      13
    ],
    "z_dim": 64,
    "dropout": 0.1
  },
  "score": 0.008367428090423346,
  "best_val_total": 0.008367428090423346,
  "best_val_recon": 0.008212242937205653,
  "best_val_adv": 0.00015518510075420827
}