{
  "trial_id": "te_f16-64-128_k13-25-7",
  "model_kind": "te",
  "arch": {
    "filters": [
      16,
      64,
      128
    ],
    "kernels": [
      13,
      25,
      7
    ],
    "z_dim": 64,
    "dropout": 0.1
  },
  "score": 0.008447853260134397,
  "best_val_total": 0.008447853260134397,
  "best_val_recon": 0.008264513539248392,
  "best_val_adv": 0.00018333974079915176
}