{
  "trial_id": "te_f32-32-64_k7-7-25",
  "model_kind": "te",
  "arch": {
    "filters": [
      32,
      32,
      64
    ],
    "kernels": [
      7,
      7,
      25
    ],
    "z_dim": 64,
    "dropout": 0.1
  },
  "score": 0.008094626870986662,
  "best_val_total": 0.008094626870986662,
  "best_val_recon": 0.007940571191475579,
  "best_val_adv": 0.00015405566993745436
}