{
  "trial_id": "te_f16-64-128_k7-25-7",
  "model_kind": "te",
  "arch": {
    "filters": [
      16,
      64,
      128
    ],
    "kernels": [
      7,
      25,
      7
    ],
    "z_dim": 64,
    "dropout": 0.1
  },
  "score": 0.007942882685088798,
  "best_val_total": 0.007942882685088798,
  "best_val_recon": 0.007806486744237573,
  "best_val_adv": 0.0001363959213210221
}