{
  "trial_id": "te_f16-64-64_k13-13-7",
  "model_kind": "te",
  "arch": {
    "filters": [
      16,
      64,
      64
    ],
    "kernels": [
      13,
      13,
      7
    ],
    "z_dim": 64,
    "dropout": 0.1
  },
  "score": 0.008063390336342548,
  "best_val_total": 0.008063390336342548,
  "best_val_recon": 0.007794255366254794,
  "best_val_adv": 0.0002691349478769361
}