{
  "trial_id": "te_f32-64-128_k25-13-25",
  "model_kind": "te",
  "arch": {
    "filters": [
      32,
      64,
      128
    ],
    "kernels": [
      25,
      13,
      25
    ],
    "z_dim": 64,
    "dropout": 0.1
  },
  "score": 0.008265152720636442,
  "best_val_total": 0.008265152720636442,
  "best_val_recon": 0.007986835375624267,
  "best_val_adv": 0.00027831739402915304
}