{
  "trial_id": "te_f16-32-64_k7-25-25",
  "model_kind": "te",
  "arch": {
    "filters": [
      16,
      32,
      64
    ],
    "kernels": [
      7,
      25,
      25
    ],
    "z_dim": 64,
    "dropout": 0.1
  },
  "score": 0.008820465226706705,
  "best_val_total": 0.008820465226706705,
  "best_val_recon": 0.008683766777578154,
  "best_val_adv": 0.0001366985220796012
}