{
  "trial_id": "te_f16-32-128_k7-7-7",
  "model_kind": "te",
  "arch": {
    "filters": [
      16,
      32,
      128
    ],
    "kernels": [
      7,
      7,
      7
    ],
    "z_dim": 64,
    "dropout": 0.1
  },
  "score": 0.008088731648106324,
  "best_val_total": 0.008088731648106324,
  "best_val_recon": 0.007871030878863837,
  "best_val_adv": 0.00021770084736329553
}