{
  "trial_id": "te_f32-32-128_k25-13-13",
  "model_kind": "te",
  "arch": {
    "filters": [
      32,
      32,
      128
    ],
    "kernels": [
      25,
      13,
      13
    ],
    "z_dim": 64,
    "dropout": 0.1
  },
  "score": 0.008140790276229382,
  "best_val_total": 0.008140790276229382,
  "best_val_recon": 0.008020218461751938,
  "best_val_adv": 0.00012057175818450847
}