{
  "trial_id": "te_f16-32-128_k7-25-7",
  "model_kind": "te",
  "arch": {
    "filters": [
      16,
      32,
      128
    ],
    "kernels": [
      7,
      25,
      7
    ],
    "z_dim": 64,
    "dropout": 0.1
  },
  "score": 0.008412689656803482,
  "best_val_total": 0.008412689656803482,
  "best_val_recon": 0.008263681329002506,
  "best_val_adv": 0.00014900826116852266
}