{
  "trial_id": "te_f32-32-64_k25-25-25",
  "model_kind": "te",
  "arch": {
    "filters": [
      32,
      32,
      64
    ],
    "kernels": [
      25,
      25,
      25
    ],
    "z_dim": 64,
    "dropout": 0.1
  },
  "score": 0.00835338671152529,
  "best_val_total": 0.00835338671152529,
  "best_val_recon": 0.008250364004389235,
  "best_val_adv": 0.00010302274887707379
}