{
  "trial_id": "te_f32-32-128_k7-13-25",
  "model_kind": "te",
  "arch": {
    "filters": [
      32,
      32,
      128
    ],
    "kernels": [
      7,
      13,
      25
    ],
    "z_dim": 64,
    "dropout": 0.1
  },
  "score": 0.008034928383207634,
  "best_val_total": 0.008034928383207634,
  "best_val_recon": 0.007918038944664755,
  "best_val_adv": 0.00011688939833364107
}