{
  "trial_id": "te_f32-32-128_k13-13-7",
  "model_kind": "te",
  "arch": {
    "filters": [
      32,
      32,
      128
    ],
    "kernels": [
      13,
      13,
      7
    ],
    "z_dim": 64,
    "dropout": 0.1
  },
  "score": 0.007630607676937392,
  "best_val_total": 0.007630607676937392,
  "best_val_recon": 0.007529743849054763,
  "best_val_adv": 0.00010086381103304263
}