{
  "trial_id": "te_f32-32-128_k7-7-25",
  "model_kind": "te",
  "arch": {
    "filters": [
      32,
      32,
      128
    ],
    "kernels": [
      7,
      7,
      25
    ],
    "z_dim": 64,
    "dropout": 0.1
  },
  "score": 0.007894097435239115,
  "best_val_total": 0.007894097435239115,
  "best_val_recon": 0.007707213884905765,
  "best_val_adv": 0.00018688361811463868
}