{
  "trial_id": "te_f32-64-64_k13-13-7",
  "model_kind": "te",
  "arch": {
    "filters": [
      32,
      64,
      64
    ],
    "kernels": [
      13,
      13,
      7
    ],
    "z_dim": 64,
    "dropout": 0.1
  },
  "score": 0.008000163778074477,
  "best_val_total": 0.008000163778074477,
  "best_val_recon": 0.007788197357991808,
  "best_val_adv": 0.00021196647331204362
}