{
  "trial_id": "te_f16-64-128_k7-7-25",
  "model_kind": "te",
  "arch": {
    "filters": [
      16,
      64,
      128
    ],
    "kernels": [
      7,
      7,
      25
    ],
    "z_dim": 64,
    "dropout": 0.1
  },
  "score": 0.00835985565362008,
  "best_val_total": 0.00835985565362008,
  "best_val_recon": 0.008195177651941776,
  "best_val_adv": 0.00016467787607229854
}