{
  "trial_id": "te_f32-64-128_k13-13-7",
  "model_kind": "te",
  "arch": {
    "filters": [
      32,
      64,
      128
    ],
    "kernels": [
      13,
      13,
      7
    ],
    "z_dim": 64,
    "dropout": 0.1
  },
  "score": 0.007807644525248753,
  "best_val_total": 0.007807644525248753,
  "best_val_recon": 0.007715223185521991,
  "best_val_adv": 9.24212977942692e-05
}