{
  "trial_id": "te_f32-64-64_k7-7-13",
  "model_kind": "te",
  "arch": {
    "filters": [
      32,
      64,
      64
    ],
    "kernels": [
      7,
      7,
      13
    ],
    "z_dim": 64,
    "dropout": 0.1
  },
  "score": 0.007782472910261468,
  "best_val_total": 0.007782472910261468,
  "best_val_recon": 0.007681409436229028,
  "best_val_adv": 0.00010106345622549078
}