{
  "trial_id": "te_f16-64-64_k7-7-13",
  "model_kind": "te",
  "arch": {
    "filters": [
      16,
      64,
      64
    ],
    "kernels": [
      7,
      7,
      13
    ],
    "z_dim": 64,
    "dropout": 0.1
  },
  "score": 0.007682620106559051,
  "best_val_total": 0.007682620106559051,
  "best_val_recon": 0.007566318283543775,
  "best_val_adv": 0.00011630183603541043
}