{
  "trial_id": "te_f16-64-128_k25-13-7",
  "model_kind": "te",
  "arch": {
    "filters": [
      16,
      64,
      128
    ],
    "kernels": [
      25,
      13,
      7
    ],
    "z_dim": 64,
    "dropout": 0.1
  },
  "score": 0.00787203531026056,
  "best_val_total": 0.00787203531026056,
  "best_val_recon": 0.007741447611662902,
  "best_val_adv": 0.0001305877552735374
}