{
  "trial_id": "te_f32-32-64_k25-13-13",
  "model_kind": "te",
  "arch": {
    "filters": [
      32,
      32,
      64
    ],
    "kernels": [
      25,
      13,
      13
    ],
    "z_dim": 64,
    "dropout": 0.1
  },
  "score": 0.00819612791957824,
  "best_val_total": 0.00819612791957824,
  "best_val_recon": 0.008094672211690954,
  "best_val_adv": 0.00010145578160422462
}