{
  "trial_id": "te_f32-32-64_k13-25-7",
  "model_kind": "te",
  "arch": {
    "filters": [
      32,
      32,
      64
    ],
    "kernels": [
      13,
      25,
      7
    ],
    "z_dim": 64,
    "dropout": 0.1
  },
  "score": 0.008370332689465661,
  "best_val_total": 0.008370332689465661,
  "best_val_recon": 0.007910736591408127,
  "best_val_adv": 0.0004595962512355886
}