{
  "trial_id": "te_f16-64-64_k7-13-25",
  "model_kind": "te",
  "arch": {
    "filters": [
      16,
      64,
      64
    ],
    "kernels": [
      7,
      13,
      25
    ],
    "z_dim": 64,
    "dropout": 0.1
  },
  "score": 0.008202107084032736,
  "best_val_total": 0.008202107084032736,
  "best_val_recon": 0.007997758269898202,
  "best_val_adv": 0.00020434878464775945
}