{
  "trial_id": "te_f32-32-64_k13-13-25",
  "model_kind": "te",
  "arch": {
    "filters": [
      32,
      32,
      64
    ],
    "kernels": [
      13,
      13,
      25
    ],
    "z_dim": 64,
    "dropout": 0.1
  },
  "score": 0.008119970952209673,
  "best_val_total": 0.008119970952209673,
  "best_val_recon": 0.00803926082229928,
  "best_val_adv": 8.071010501895983e-05
}