{
  "trial_id": "te_f32-32-128_k13-13-13",
  "model_kind": "te",
  "arch": {
    "filters": [
      32,
      32,
      128
    ],
    "kernels": [
      13,
      13,
      13
    ],
    "z_dim": 64,
    "dropout": 0.1
  },
  "score": 0.008117162058816144,
  "best_val_total": 0.008117162058816144,
  "best_val_recon": 0.008012807388838968,
  "best_val_adv": 0.0001043547151647018
}