{
  "trial_id": "te_f32-64-64_k7-7-7",
  "model_kind": "te",
  "arch": {
    "filters": [
      32,
      64,
      64
    ],
    "kernels": [
      7,
      7,
      7
    ],
    "z_dim": 64,
    "dropout": 0.1
  },
  "score": 0.007684011404451571,
  "best_val_total": 0.007684011404451571,
  "best_val_recon": 0.0075507923274448045,
  "best_val_adv": 0.00013321902798978905
}