{
  "trial_id": "te_f16-64-64_k25-13-7",
  "model_kind": "te",
  "arch": {
    "filters": [
      16,
      64,
      64
    ],
    "kernels": [
      25,
      13,
      7
    ],
    "z_dim": 64,
    "dropout": 0.1
  },
  "score": 0.008043548043229078,
  "best_val_total": 0.008043548043229078,
  "best_val_recon": 0.007923053307948928,
  "best_val_adv": 0.00012049480803972601
}