{
  "trial_id": "te_f16-32-128_k13-25-7",
  "model_kind": "te",
  "arch": {
    "filters": [
      16,
      32,
      128
    ],
    "kernels": [
      13,
      25,
      7
    ],
    "z_dim": 64,
    "dropout": 0.1
  },
  "score": 0.008026806833712678,
  "best_val_total": 0.008026806833712678,
  "best_val_recon": 0.007871773118447317,
  "best_val_adv": 0.00015503373862501527
}