{
  "trial_id": "te_f16-32-64_k25-13-25",
  "model_kind": "te",
  "arch": {
    "filters": [
      16,
      32,
      64
    ],
    "kernels": [
      25,
      13,
      25
    ],
    "z_dim": 64,
    "dropout": 0.1
  },
  "score": 0.008673119922413638,
  "best_val_total": 0.008673119922413638,
  "best_val_recon": 0.008301390825133575,
  "best_val_adv": 0.0003717290666444521
}