{
  "trial_id": "te_f16-32-64_k25-13-13",
  "model_kind": "te",
  "arch": {
    "filters": [
      16,
      32,
      64
    ],
    "kernels": [
      25,
      13,
      13
    ],
    "z_dim": 64,
    "dropout": 0.1
  },
  "score": 0.0081861720812556,
  "best_val_total": 0.0081861720812556,
  "best_val_recon": 0.008050594233760708,
  "best_val_adv": 0.00013557779579729723
}