{
  "trial_id": "te_f16-64-64_k13-13-13",
  "model_kind": "te",
  "arch": {
    "filters": [
      16,
      64,
      64
    ],
    "kernels": [
      13,
      13,
      13
    ],
    "z_dim": 64,
    "dropout": 0.1
  },
  "score": 0.007895350039593484,
  "best_val_total": 0.007895350039593484,
  "best_val_recon": 0.007789290166999164,
  "best_val_adv": 0.00010605987336020917
}