{
  "trial_id": "te_f16-64-64_k25-7-7",
  "model_kind": "te",
  "arch": {
    "filters": [
      16,
      64,
      64
    ],
    "kernels": [
      25,
      7,
      7
    ],
    "z_dim": 64,
    "dropout": 0.1
  },
  "score": 0.008206734066142848,
  "best_val_total": 0.008206734066142848,
  "best_val_recon": 0.008099924478875963,
  "best_val_adv": 0.00010680961407304399
}