{
  "trial_id": "te_f32-32-64_k25-7-25",
  "model_kind": "te",
  "arch": {
    "filters": [
      32,
      32,
      64
    ],
    "kernels": [
      25,
      7,
      25
    ],
    "z_dim": 64,
    "dropout": 0.1
  },
  "score": 0.008254921235340206,
  "best_val_total": 0.008254921235340206,
  "best_val_recon": 0.008141213145695235,
  "best_val_adv": 0.00011370811836585697
}