{
  "trial_id": "te_f32-64-64_k25-25-7",
  "model_kind": "te",
  "arch": {
    "filters": [
      32,
      64,
      64
    ],
    "kernels": [
      25,
      25,
      7
    ],
    "z_dim": 64,
    "dropout": 0.1
  },
  "score": 0.00820252684092051,
  "best_val_total": 0.00820252684092051,
  "best_val_recon": 0.008058676569673576,
  "best_val_adv": 0.0001438502988189851
}