{
  "trial_id": "te_f16-32-64_k13-25-25",
  "model_kind": "te",
  "arch": {
    "filters": [
      16,
      32,
      64
    ],
    "kernels": [
      13,
      25,
      25
    ],
    "z_dim": 64,
    "dropout": 0.1
  },
  "score": 0.008713305976830031,
  "best_val_total": 0.008713305976830031,
  "best_val_recon": 0.00835553500311155,
  "best_val_adv": 0.0003577709844409439
}