{
  "trial_id": "te_f16-64-64_k13-7-7",
  "model_kind": "te",
  "arch": {
    "filters": [
      16,
      64,
      64
    ],
    "kernels": [
      13,
      7,
      7
    ],
    "z_dim": 64,
    "dropout": 0.1
  },
  "score": 0.007872242701092833,
  "best_val_total": 0.007872242701092833,
  "best_val_recon": 0.007723578987152953,
  "best_val_adv": 0.00014866366645468302
}