{
  "trial_id": "te_f16-64-64_k13-13-25",
  "model_kind": "te",
  "arch": {
    "filters": [
      16,
      64,
      64
    ],
    "kernels": [
      13,
      13,
      25
    ],
    "z_dim": 64,
    "dropout": 0.1
  },
  "score": 0.008248422074278719,
  "best_val_total": 0.008248422074278719,
  "best_val_recon": 0.008123972379651508,
  "best_val_adv": 0.0001244496831388556
}