{
  "trial_id": "te_f32-32-128_k25-25-7",
  "model_kind": "te",
  "arch": {
    "filters": [
      32,
      32,
      128
    ],
    "kernels": [
      25,
      25,
      7
    ],
    "z_dim": 64,
    "dropout": 0.1
  },
  "score": 0.007933938802268944,
  "best_val_total": 0.007933938802268944,
  "best_val_recon": 0.00785817252472043,
  "best_val_adv": 7.576627544231566e-05
}