{
  "trial_id": "te_f32-64-128_k13-25-13",
  "model_kind": "te",
  "arch": {
    "filters": [
      32,
      64,
      128
    ],
    "kernels": [
      13,
      25,
      13
    ],
    "z_dim": 64,
    "dropout": 0.1
  },
  "score": 0.007937289284248101,
  "best_val_total": 0.007937289284248101,
  "best_val_recon": 0.007738657810382153,
  "best_val_adv": 0.00019863142599780602
}