{
  "trial_id": "te_f32-64-64_k7-25-25",
  "model_kind": "te",
  "arch": {
    "filters": [
      32,
      64,
      64
    ],
    "kernels": [
      7,
      25,
      25
    ],
    "z_dim": 64,
    "dropout": 0.1
  },
  "score": 0.008177208224017369,
  "best_val_total": 0.008177208224017369,
  "best_val_recon": 0.008057671452039167,
  "best_val_adv": 0.00011953679323165776
}