{
  "trial_id": "te_f16-64-64_k13-7-25",
  "model_kind": "te",
  "arch": {
    "filters": [
      16,
      64,
      64
    ],
    "kernels": [
      13,
      7,
      25
    ],
    "z_dim": 64,
    "dropout": 0.1
  },
  "score": 0.007991676439384096,
  "best_val_total": 0.007991676439384096,
  "best_val_recon": 0.007821003587818459,
  "best_val_adv": 0.00017067280101687893
}