{
  "trial_id": "te_f32-64-128_k7-13-25",
  "model_kind": "te",
  "arch": {
    "filters": [
      32,
      64,
      128
    ],
    "kernels": [
      7,
      13,
      25
    ],
    "z_dim": 64,
    "dropout": 0.1
  },
  "score": 0.008573755082723341,
  "best_val_total": 0.008573755082723341,
  "best_val_recon": 0.008410701846801922,
  "best_val_adv": 0.00016305320720053524
}