{
  "trial_id": "te_f32-64-128_k25-25-13",
  "model_kind": "te",
  "arch": {
    "filters": [
      32,
      64,
      128
    ],
    "kernels": [
      25,
      25,
      13
    ],
    "z_dim": 64,
    "dropout": 0.1
  },
  "score": 0.008111793792953617,
  "best_val_total": 0.008111793792953617,
  "best_val_recon": 0.007995469029992819,
  "best_val_adv": 0.00011632478134216446
}