{
  "trial_id": "te_f16-64-128_k25-25-7",
  "model_kind": "te",
  "arch": {
    "filters": [
      16,
      64,
      128
    ],
    "kernels": [
      25,
      25,
      7
    ],
    "z_dim": 64,
    "dropout": 0.1
  },
  "score": 0.008272219032637383,
  "best_val_total": 0.008272219032637383,
  "best_val_recon": 0.008128693596901078,
  "best_val_adv": 0.0001435254732649283
}