{
  "trial_id": "te_f32-32-64_k7-7-7",
  "model_kind": "te",
  "arch": {
    "filters": [
      32,
      32,
      64
    ],
    "kernels": [
      7,
      7,
      7
    ],
    "z_dim": 64,
    "dropout": 0.1
  },
  "score": 0.007939413361447422,
  "best_val_total": 0.007939413361447422,
  "best_val_recon": 0.0077920851640795406,
  "best_val_adv": 0.0001473282345135598
}