{
  "trial_id": "te_f16-32-64_k25-7-25",
  "model_kind": "te",
  "arch": {
    "filters": [
      16,
      32,
      64
    ],
    "kernels": [
      25,
      7,
      25
    ],
    "z_dim": 64,
    "dropout": 0.1
  },
  "score": 0.00836120920843984,
  "best_val_total": 0.00836120920843984,
  "best_val_recon": 0.008143859523299494,
  "best_val_adv": 0.00021734969433102953
}