{
  "trial_id": "te_f32-32-64_k13-13-13",
  "model_kind": "te",
  "arch": {
    "filters": [
      32,
      32,
      64
    ],
    "kernels": [
      13,
      13,
      13
    ],
    "z_dim": 64,
    "dropout": 0.1
  },
  "score": 0.007878524447350125,
  "best_val_total": 0.007878524447350125,
  "best_val_recon": 0.007768134463970598,
  "best_val_adv": 0.00011038996576405082
}