{
  "trial_id": "te_f32-32-64_k13-7-7",
  "model_kind": "te",
  "arch": {
    "filters": [
      32,
      32,
      64
    ],
    "kernels": [
      13,
      7,
      7
    ],
    "z_dim": 64,
    "dropout": 0.1
  },
  "score": 0.008114331181308157,
  "best_val_total": 0.008114331181308157,
  "best_val_recon": 0.007932383101433516,
  "best_val_adv": 0.0001819480921288854
}