{
  "trial_id": "te_f16-64-128_k7-13-25",
  "model_kind": "te",
  "arch": {
    "filters": [
      16,
      64,
      128
    ],
    "kernels": [
      7,
      13,
      25
    ],
    "z_dim": 64,
    "dropout": 0.1
  },
  "score": 0.007975552696734667,
  "best_val_total": 0.007975552696734667,
  "best_val_recon": 0.00789524399136242,
  "best_val_adv": 8.030873064662476e-05
}