{
  "trial_id": "te_f16-32-64_k25-25-25",
  "model_kind": "te",
  "arch": {
    "filters": [
      16,
      32,
      64
    ],
    "kernels": [
      25,
      25,
      25
    ],
    "z_dim": 64,
    "dropout": 0.1
  },
  "score": 0.008574625771296652,
  "best_val_total": 0.008574625771296652,
  "best_val_recon": 0.008103033478714917,
  "best_val_adv": 0.0004715922558190007
}