{
  "trial_id": "te_f16-64-128_k7-25-13",
  "model_kind": "te",
  "arch": {
    "filters": [
      16,
      64,
      128
    ],
    "kernels": [
      7,
      25,
      13
    ],
    "z_dim": 64,
    "dropout": 0.1
  },
  "score": 0.008041630866692254,
  "best_val_total": 0.008041630866692254,
  "best_val_recon": 0.007932443171739578,
  "best_val_adv": 0.00010918776081923984
}