{
  "trial_id": "te_f32-64-128_k25-7-25",
  "model_kind": "te",
  "arch": {
    "filters": [
      32,
      64,
      128
    ],
    "kernels": [
      25,
      7,
      25
    ],
    "z_dim": 64,
    "dropout": 0.1
  },
  "score": 0.008212897485416187,
  "best_val_total": 0.008212897485416187,
  "best_val_recon": 0.008106988658638377,
  "best_val_adv": 0.00010590888690019615
}