{
  "trial_id": "te_f16-32-64_k25-7-7",
  "model_kind": "te",
  "arch": {
    "filters": [
      16,
      32,
      64
    ],
    "kernels": [
      25,
      7,
      7
    ],
    "z_dim": 64,
    "dropout": 0.1
  },
  "score": 0.007989801490973485,
  "best_val_total": 0.007989801490973485,
  "best_val_recon": 0.007879084809438178,
  "best_val_adv": 0.00011071676157084049
}