{
  "trial_id": "te_f16-32-128_k13-7-7",
  "model_kind": "te",
  "arch": {
    "filters": [
      16,
      32,
      128
    ],
    "kernels": [
      13,
      7,
      7
    ],
    "z_dim": 64,
    "dropout": 0.1
  },
  "score": 0.007817054338949291,
  "best_val_total": 0.007817054338949291,
  "best_val_recon": 0.0076878595803129045,
  "best_val_adv": 0.0001291947559557708
}