{
  "trial_id": "te_f32-64-64_k7-13-13",
  "model_kind": "te",
  "arch": {
    "filters": [
      32,
      64,
      64
    ],
    "kernels": [
      7,
      13,
      13
    ],
    "z_dim": 64,
    "dropout": 0.1
  },
  "score": 0.008115804533621198,
  "best_val_total": 0.008115804533621198,
  "best_val_recon": 0.007964690485479016,
  "best_val_adv": 0.00015111407494834182
}