{
  "trial_id": "te_f32-32-64_k13-7-25",
  "model_kind": "te",
  "arch": {
    "filters": [
      32,
      32,
      64
    ],
    "kernels": [
      13,
      7,
      25
    ],
    "z_dim": 64,
    "dropout": 0.1
  },
  "score": 0.007935789609818082,
  "best_val_total": 0.007935789609818082,
  "best_val_recon": 0.007822654308064989,
  "best_val_adv": 0.0001131352852864534
}