{
  "trial_id": "te_f16-32-64_k7-25-7",
  "model_kind": "te",
  "arch": {
    "filters": [
      16,
      32,
      64
    ],
    "kernels": [
      7,
      25,
      7
    ],
    "z_dim": 64,
    "dropout": 0.1
  },
  "score": 0.008255664112144396,
  "best_val_total": 0.008255664112144396,
  "best_val_recon": 0.008037116868715537,
  "best_val_adv": 0.00021854722964283275
}