{
  "trial_id": "te_f16-32-64_k13-13-13",
  "model_kind": "te",
  "arch": {
    "filters": [
      16,
      32,
      64
    ],
    "kernels": [
      13,
      13,
      13
    ],
    "z_dim": 64,
    "dropout": 0.1
  },
  "score": 0.008058526724773018,
  "best_val_total": 0.008058526724773018,
  "best_val_recon": 0.007922989708420477,
  "best_val_adv": 0.00013553699452466774
}