{
  "trial_id": "te_f32-64-64_k13-7-13",
  "model_kind": "te",
  "arch": {
    "filters": [
      32,
      64,
      64
    ],
    "kernels": [
      13,
      7,
      13
    ],
    "z_dim": 64,
    "dropout": 0.1
  },
  "score": 0.00795588230616168,
  "best_val_total": 0.00795588230616168,
  "best_val_recon": 0.007748624138338001,
  "best_val_adv": 0.00020725815250587307
}