{
  "trial_id": "te_f32-64-128_k7-7-13",
  "model_kind": "te",
  "arch": {
    "filters": [
      32,
      64,
      128
    ],
    "kernels": [
      7,
      7,
      13
    ],
    "z_dim": 64,
    "dropout": 0.1
  },
  "score": 0.007867720762365743,
  "best_val_total": 0.007867720762365743,
  "best_val_recon": 0.007811089168841902,
  "best_val_adv": 5.663150085111786e-05
}