{
  "trial_id": "te_f16-64-128_k13-7-25",
  "model_kind": "te",
  "arch": {
    "filters": [
      16,
      64,
      128
    ],
    "kernels": [
      13,
      7,
      25
    ],
    "z_dim": 64,
    "dropout": 0.1
  },
  "score": 0.008036631992773005,
  "best_val_total": 0.008036631992773005,
  "best_val_recon": 0.007873366439813062,
  "best_val_adv": 0.00016326549168872205
}