{
  "trial_id": "te_f32-32-128_k13-7-13",
  "model_kind": "te",
  "arch": {
    "filters": [
      32,
      32,
      128
    ],
    "kernels": [
      13,
      7,
      13
    ],
    "z_dim": 64,
    "dropout": 0.1
  },
  "score": 0.007960483235748191,
  "best_val_total": 0.007960483235748191,
  "best_val_recon": 0.007840768581158236,
  "best_val_adv": 0.00011971461897605638
}