{
  "trial_id": "te_f32-64-64_k13-7-7",
  "model_kind": "te",
  "arch": {
    "filters": [
      32,
      64,
      64
    ],
    "kernels": [
      13,
      7,
      7
    ],
    "z_dim": 64,
    "dropout": 0.1
  },
  "score": 0.007682200227128832,
  "best_val_total": 0.007682200227128832,
  "best_val_recon": 0.007563296558433457,
  "best_val_adv": 0.00011890371196817509
}