{
  "trial_id": "te_f16-32-64_k25-7-13",
  "model_kind": "te",
  "arch": {
    "filters": [
      16,
      32,
      64
    ],
    "kernels": [
      25,
      7,
      13
    ],
    "z_dim": 64,
    "dropout": 0.1
  },
  "score": 0.00818512735790328,
  "best_val_total": 0.00818512735790328,
  "best_val_recon": 0.008028038948970405,
  "best_val_adv": 0.00015708840701814838
}