{
  "trial_id": "te_f32-32-128_k7-7-7",
  "model_kind": "te",
  "arch": {
    "filters": [
      32,
      32,
      128
    ],
    "kernels": [
      7,
      7,
      7
    ],
    "z_dim": 64,
    "dropout": 0.1
  },
  "score": 0.0077227306503214336,
  "best_val_total": 0.0077227306503214336,
  "best_val_recon": 0.007434410018552291,
  "best_val_adv": 0.00028832052990573605
}