{
  "trial_id": "te_f16-32-128_k7-13-25",
  "model_kind": "te",
  "arch": {
    "filters": [
      16,
      32,
      128
    ],
    "kernels": [
      7,
      13,
      25
    ],
    "z_dim": 64,
    "dropout": 0.1
  },
  "score": 0.00823207116244655,
  "best_val_total": 0.00823207116244655,
  "best_val_recon": 0.007913956688226838,
  "best_val_adv": 0.0003181144926010778
}