{
  "trial_id": "te_f16-32-128_k25-7-13",
  "model_kind": "te",
  "arch": {
    "filters": [
      16,
      32,
      128
    ],
    "kernels": [
      25,
      7,
      13
    ],
    "z_dim": 64,
    "dropout": 0.1
  },
  "score": 0.008312172133867679,
  "best_val_total": 0.008312172133867679,
  "best_val_recon": 0.008017738398752715,
  "best_val_adv": 0.00029443377340947717
}