{
  "trial_id": "te_f16-64-128_k25-25-13",
  "model_kind": "te",
  "arch": {
    "filters": [
      16,
      64,
      128
    ],
    "kernels": [
      25,
      25,
      13
    ],
    "z_dim": 64,
    "dropout": 0.1
  },
  "score": 0.008361312854839,
  "best_val_total": 0.008361312854839,
  "best_val_recon": 0.008059239211051087,
  "best_val_adv": 0.000302073565667103
}