{
  "trial_id": "te_f16-64-64_k25-7-25",
  "model_kind": "te",
  "arch": {
    "filters": [
      16,
      64,
      64
    ],
    "kernels": [
      25,
      7,
      25
    ],
    "z_dim": 64,
    "dropout": 0.1
  },
  "score": 0.008155695775425747,
  "best_val_total": 0.008155695775425747,
  "best_val_recon": 0.00800649395310565,
  "best_val_adv": 0.00014920184338207995
}