{
  "trial_id": "te_f32-32-128_k25-25-13",
  "model_kind": "te",
  "arch": {
    "filters": [
      32,
      32,
      128
    ],
    "kernels": [
      25,
      25,
      13
    ],
    "z_dim": 64,
    "dropout": 0.1
  },
  "score": 0.008191746267441073,
  "best_val_total": 0.008191746267441073,
  "best_val_recon": 0.007983369899815634,
  "best_val_adv": 0.00020837629295113546
}