{
  "trial_id": "te_f16-32-128_k7-7-13",
  "model_kind": "te",
  "arch": {
    "filters": [
      16,
      32,
      128
    ],
    "kernels": [
      7,
      7,
      13
    ],
    "z_dim": 64,
    "dropout": 0.1
  },
  "score": 0.007771512101355352,
  "best_val_total": 0.007771512101355352,
  "best_val_recon": 0.007632062770426273,
  "best_val_adv": 0.00013944935237400626
}