{
  "trial_id": "te_f32-64-64_k25-13-7",
  "model_kind": "te",
  "arch": {
    "filters": [
      32,
      64,
      64
    ],
    "kernels": [
      25,
      13,
      7
    ],
    "z_dim": 64,
    "dropout": 0.1
  },
  "score": 0.007996236562336745,
  "best_val_total": 0.007996236562336745,
  "best_val_recon": 0.007751072977522486,
  "best_val_adv": 0.00024516348678030466
}