{
  "trial_id": "te_f16-32-64_k13-25-7",
  "model_kind": "te",
  "arch": {
    "filters": [
      16,
      32,
      64
    ],
    "kernels": [
      13,
      25,
      7
    ],
    "z_dim": 64,
    "dropout": 0.1
  },
  "score": 0.008331842132304845,
  "best_val_total": 0.008331842132304845,
  "best_val_recon": 0.008078773089341428,
  "best_val_adv": 0.0002530691019369681
}