{
  "trial_id": "te_f32-64-128_k7-7-25",
  "model_kind": "te",
  "arch": {
    "filters": [
      32,
      64,
      128
    ],
    "kernels": [
      7,
      7,
      25
    ],
    "z_dim": 64,
    "dropout": 0.1
  },
  "score": 0.007733131097139497,
  "best_val_total": 0.007733131097139497,
  "best_val_recon": 0.007664185483008623,
  "best_val_adv": 6.894564955329865e-05
}