{
  "trial_id": "te_f16-64-64_k13-25-13",
  "model_kind": "te",
  "arch": {
    "filters": [
      16,
      64,
      64
    ],
    "kernels": [
      13,
      25,
      13
    ],
    "z_dim": 64,
    "dropout": 0.1
  },
  "score": 0.008812488032210814,
  "best_val_total": 0.008812488032210814,
  "best_val_recon": 0.008318209702050999,
  "best_val_adv": 0.0004942784006217201
}