{
  "trial_id": "te_f32-64-64_k25-13-13",
  "model_kind": "te",
  "arch": {
    "filters": [
      32,
      64,
      64
    ],
    "kernels": [
      25,
      13,
      13
    ],
    "z_dim": 64,
    "dropout": 0.1
  },
  "score": 0.007958307519162955,
  "best_val_total": 0.007958307519162955,
  "best_val_recon": 0.007799000160670594,
  "best_val_adv": 0.0001593073232614092
}