{
  "trial_id": "te_f32-64-64_k25-13-25",
  "model_kind": "te",
  "arch": {
    "filters": [
      32,
      64,
      64
    ],
    "kernels": [
      25,
      13,
      25
    ],
    "z_dim": 64,
    "dropout": 0.1
  },
  "score": 0.00819763205455322,
  "best_val_total": 0.00819763205455322,
  "best_val_recon": 0.007966912327040183,
  "best_val_adv": 0.00023071979797494255
}