{
  "trial_id": "te_f16-64-128_k13-13-13",
  "model_kind": "te",
  "arch": {
    "filters": [
      16,
      64,
      128
    ],
    "kernels": [
      13,
      13,
      13
    ],
    "z_dim": 64,
    "dropout": 0.1
  },
  "score": 0.008051314366687285,
  "best_val_total": 0.008051314366687285,
  "best_val_recon": 0.00776872379509242,
  "best_val_adv": 0.00028259052410966863
}