{
  "trial_id": "te_f32-32-128_k25-13-25",
  "model_kind": "te",
  "arch": {
    "filters": [
      32,
      32,
      128
    ],
    "kernels": [
      25,
      13,
      25
    ],
    "z_dim": 64,
    "dropout": 0.1
  },
  "score": 0.008480701865138192,
  "best_val_total": 0.008480701865138192,
  "best_val_recon": 0.008261723100746932,
  "best_val_adv": 0.00021897866788908447
}