{
  "trial_id": "te_f32-32-64_k13-7-13",
  "model_kind": "te",
  "arch": {
    "filters": [
      32,
      32,
      64
    ],
    "kernels": [
      13,
      7,
      13
    ],
    "z_dim": 64,
    "dropout": 0.1
  },
  "score": 0.008036838403265727,
  "best_val_total": 0.008036838403265727,
  "best_val_recon": 0.007900602282270006,
  "best_val_adv": 0.0001362360984019592
}