{
  "trial_id": "te_f32-32-128_k7-7-13",
  "model_kind": "te",
  "arch": {
    "filters": [
      32,
      32,
      128
    ],
    "kernels": [
      7,
      7,
      13
    ],
    "z_dim": 64,
    "dropout": 0.1
  },
  "score": 0.008018563452519868,
  "best_val_total": 0.008018563452519868,
  "best_val_recon": 0.007914690349839236,
  "best_val_adv": 0.00010387311416898708
}