{
  "trial_id": "te_f32-64-128_k13-13-13",
  "model_kind": "te",
  "arch": {
    "filters": [
      32,
      64,
      128
    ],
    "kernels": [
      13,
      13,
      13
    ],
    "z_dim": 64,
    "dropout": 0.1
  },
  "score": 0.0079567008651793,
  "best_val_total": 0.0079567008651793,
  "best_val_recon": 0.007835322402809796,
  "best_val_adv": 0.0001213784024385907
}