{
  "trial_id": "te_f16-32-128_k7-13-13",
  "model_kind": "te",
  "arch": {
    "filters": [
      16,
      32,
      128
    ],
    "kernels": [
      7,
      13,
      13
    ],
    "z_dim": 64,
    "dropout": 0.1
  },
  "score": 0.008289500972942301,
  "best_val_total": 0.008289500972942301,
  "best_val_recon": 0.008112910130110226,
  "best_val_adv": 0.00017659078079496364
}