{
  "trial_id": "te_f16-32-128_k13-7-25",
  "model_kind": "te",
  "arch": {
    "filters": [
      16,
      32,
      128
    ],
    "kernels": [
      13,
      7,
      25
    ],
    "z_dim": 64,
    "dropout": 0.1
  },
  "score": 0.008048728696609797,
  "best_val_total": 0.008048728696609797,
  "best_val_recon": 0.007821303620738419,
  "best_val_adv": 0.00022742510650699077
}