{
  "trial_id": "te_f32-32-128_k7-25-7",
  "model_kind": "te",
  "arch": {
    "filters": [
      32,
      32,
      128
    ],
    "kernels": [
      7,
      25,
      7
    ],
    "z_dim": 64,
    "dropout": 0.1
  },
  "score": 0.008027430868854648,
  "best_val_total": 0.008027430868854648,
  "best_val_recon": 0.007938860817567298,
  "best_val_adv": 8.856999958975633e-05
}