{
  "trial_id": "te_f16-32-64_k25-25-7",
  "model_kind": "te",
  "arch": {
    "filters": [
      16,
      32,
      64
    ],
    "kernels": [
      25,
      25,
      7
    ],
    "z_dim": 64,
    "dropout": 0.1
  },
  "score": 0.008202369496422378,
  "best_val_total": 0.008202369496422378,
  "best_val_recon": 0.008096149607904647,
  "best_val_adv": 0.00010621997927572873
}