{
  "trial_id": "te_f16-64-128_k7-13-7",
  "model_kind": "te",
  "arch": {
    "filters": [
      16,
      64,
      128
    ],
    "kernels": [
      7,
      13,
      7
    ],
    "z_dim": 64,
    "dropout": 0.1
  },
  "score": 0.0077931820169875494,
  "best_val_total": 0.0077931820169875494,
  "best_val_recon": 0.007616230409200254,
  "best_val_adv": 0.00017695160740435027
}