{
  "trial_id": "te_f16-64-64_k7-25-7",
  "model_kind": "te",
  "arch": {
    "filters": [
      16,
      64,
      64
    ],
    "kernels": [
      7,
      25,
      7
    ],
    "z_dim": 64,
    "dropout": 0.1
  },
  "score": 0.008042072583185999,
  "best_val_total": 0.008042072583185999,
  "best_val_recon": 0.007914843086741473,
  "best_val_adv": 0.00012722946695775087
}