{
  "trial_id": "te_f32-32-64_k13-13-7",
  "model_kind": "te",
  "arch": {
    "filters": [
      32,
      32,
      64
    ],
    "kernels": [
      13,
      13,
      7
    ],
    "z_dim": 64,
    "dropout": 0.1
  },
  "score": 0.008231095945168482,
  "best_val_total": 0.008231095945168482,
  "best_val_recon": 0.00798197990087302,
  "best_val_adv": 0.0002491160220846436
}