{
  "trial_id": "te_f16-32-64_k7-13-25",
  "model_kind": "te",
  "arch": {
    "filters": [
      16,
      32,
      64
    ],
    "kernels": [
      7,
      13,
      25
    ],
    "z_dim": 64,
    "dropout": 0.1
  },
  "score": 0.00857293181807587,
  "best_val_total": 0.00857293181807587,
  "best_val_recon": 0.008452097542191806,
  "best_val_adv": 0.00012083436549322582
}