{
  "trial_id": "te_f32-32-64_k25-25-13",
  "model_kind": "te",
  "arch": {
    "filters": [
      32,
      32,
      64
    ],
    "kernels": [
      25,
      25,
      13
    ],
    "z_dim": 64,
    "dropout": 0.1
  },
  "score": 0.00824527006204191,
  "best_val_total": 0.00824527006204191,
  "best_val_recon": 0.007986844174171748,
  "best_val_adv": 0.00025842591927166243
}