{
  "trial_id": "te_f32-32-64_k25-25-7",
  "model_kind": "te",
  "arch": {
    "filters": [
      32,
      32,
      64
    ],
    "kernels": [
      25,
      25,
      7
    ],
    "z_dim": 64,
    "dropout": 0.1
  },
  "score": 0.007935704099700638,
  "best_val_total": 0.007935704099700638,
  "best_val_recon": 0.007826220930406922,
  "best_val_adv": 0.00010948315014646046
}