{
  "trial_id": "te_f16-32-128_k25-13-7",
  "model_kind": "te",
  "arch": {
    "filters": [
      16,
      32,
      128
    ],
    "kernels": [
      25,
      13,
      7
    ],
    "z_dim": 64,
    "dropout": 0.1
  },
  "score": 0.007861255864171605,
  "best_val_total": 0.007861255864171605,
  "best_val_recon": 0.007744138447665854,
  "best_val_adv": 0.00011711742761115984
}