{
  "trial_id": "te_f32-64-128_k25-25-7",
  "model_kind": "te",
  "arch": {
    "filters": [
      32,
      64,
      128
    ],
    "kernels": [
      25,
      25,
      7
    ],
    "z_dim": 64,
    "dropout": 0.1
  },
  "score": 0.008523197256420789,
  "best_val_total": 0.008523197256420789,
  "best_val_recon": 0.00833855598772827,
  "best_val_adv": 0.00018464122120732149
}