{
  "trial_id": "te_f32-64-64_k13-7-25",
  "model_kind": "te",
  "arch": {
    "filters": [
      32,
      64,
      64
    ],
    "kernels": [
      13,
      7,
      25
    ],
    "z_dim": 64,
    "dropout": 0.1
  },
  "score": 0.008571285190746972,
  "best_val_total": 0.008571285190746972,
  "best_val_recon": 0.008050559750316958,
  "best_val_adv": 0.0005207253914130362
}