{
  "trial_id": "te_f16-64-128_k25-25-25",
  "model_kind": "te",
  "arch": {
    "filters": [
      16,
      64,
      128
    ],
    "kernels": [
      25,
      25,
      25
    ],
    "z_dim": 64,
    "dropout": 0.1
  },
  "score": 0.008220127808224214,
  "best_val_total": 0.008220127808224214,
  "best_val_recon": 0.008060317241439694,
  "best_val_adv": 0.00015981054304192136
}