{
  "trial_id": "te_f32-64-128_k13-7-7",
  "model_kind": "te",
  "arch": {
    "filters": [
      32,
      64,
      128
    ],
    "kernels": [
      13,
      7,
      7
    ],
    "z_dim": 64,
    "dropout": 0.1
  },
  "score": 0.0074616530665049426,
  "best_val_total": 0.0074616530665049426,
  "best_val_recon": 0.007294760722863047,
  "best_val_adv": 0.00016689239380770902
}