{
  "trial_id": "te_f32-64-64_k25-7-13",
  "model_kind": "te",
  "arch": {
    "filters": [
      32,
      64,
      64
    ],
    "kernels": [
      25,
      7,
      13
    ],
    "z_dim": 64,
    "dropout": 0.1
  },
  "score": 0.008288858580942216,
  "best_val_total": 0.008288858580942216,
  "best_val_recon": 0.007986437259732108,
  "best_val_adv": 0.0003024214046921483
}