{
  "trial_id": "te_f16-32-128_k25-7-25",
  "model_kind": "te",
  "arch": {
    "filters": [
      16,
      32,
      128
    ],
    "kernels": [
      25,
      7,
      25
    ],
    "z_dim": 64,
    "dropout": 0.1
  },
  "score": 0.008302814817350162,
  "best_val_total": 0.008302814817350162,
  "best_val_recon": 0.008111925722148857,
  "best_val_adv": 0.00019088908447884023
}