{
  "trial_id": "te_f32-32-128_k13-25-7",
  "model_kind": "te",
  "arch": {
    "filters": [
      32,
      32,
      128
    ],
    "kernels": [
      13,
      25,
      7
    ],
    "z_dim": 64,
    "dropout": 0.1
  },
  "score": 0.008397292541830163,
  "best_val_total": 0.008397292541830163,
  "best_val_recon": 0.008137558831980354,
  "best_val_adv": 0.00025973376575979943
}