{
  "trial_id": "te_f32-64-64_k7-13-7",
  "model_kind": "te",
  "arch": {
    "filters": [
      32,
      64,
      64
    ],
    "kernels": [
      7,
      13,
      7
    ],
    "z_dim": 64,
    "dropout": 0.1
  },
  "score": 0.007688867908559348,
  "best_val_total": 0.007688867908559348,
  "best_val_recon": 0.007511508234433438,
  "best_val_adv": 0.00017735965421276264
}