{
  "trial_id": "te_f32-64-128_k7-25-7",
  "model_kind": "te",
  "arch": {
    "filters": [
      32,
      64,
      128
    ],
    "kernels": [
      7,
      25,
      7
    ],
    "z_dim": 64,
    "dropout": 0.1
  },
  "score": 0.008529771168373133,
  "best_val_total": 0.008529771168373133,
  "best_val_recon": 0.008268799877872593,
  "best_val_adv": 0.0002609712950958821
}