{
  "trial_id": "te_f16-64-128_k7-7-13",
  "model_kind": "te",
  "arch": {
    "filters": [
      16,
      64,
      128
    ],
    "kernels": [
      7,
      7,
      13
    ],
    "z_dim": 64,
    "dropout": 0.1
  },
  "score": 0.008044980270297904,
  "best_val_total": 0.008044980270297904,
  "best_val_recon": 0.007936409208923578,
  "best_val_adv": 0.00010857105811929184
}