{
  "trial_id": "te_f32-64-64_k25-25-13",
  "model_kind": "te",
  "arch": {
    "filters": [
      32,
      64,
      64
    ],
    "kernels": [
      25,
      25,
      13
    ],
    "z_dim": 64,
    "dropout": 0.1
  },
  "score": 0.008052526581052103,
  "best_val_total": 0.008052526581052103,
  "best_val_recon": 0.007922536865072815,
  "best_val_adv": 0.0001299897699745519
}