{
  "trial_id": "te_f32-32-128_k13-7-25",
  "model_kind": "te",
  "arch": {
    "filters": [
      32,
      32,
      128
    ],
    "kernels": [
      13,
      7,
      25
    ],
    "z_dim": 64,
    "dropout": 0.1
  },
  "score": 0.008276556765562609,
  "best_val_total": 0.008276556765562609,
  "best_val_recon": 0.008061715573268501,
  "best_val_adv": 0.00021484123901341503
}