{
  "trial_id": "te_f32-32-64_k7-13-25",
  "model_kind": "te",
  "arch": {
    "filters": [
      32,
      32,
      64
    ],
    "kernels": [
      7,
      13,
      25
    ],
    "z_dim": 64,
    "dropout": 0.1
  },
  "score": 0.008287080637130299,
  "best_val_total": 0.008287080637130299,
  "best_val_recon": 0.008062799412168954,
  "best_val_adv": 0.00022428120045285476
}