{
  "trial_id": "te_f16-64-128_k13-13-7",
  "model_kind": "te",
  "arch": {
    "filters": [
      16,
      64,
      128
    ],
    "kernels": [
      13,
      13,
      7
    ],
    "z_dim": 64,
    "dropout": 0.1
  },
  "score": 0.00811556604151663,
  "best_val_total": 0.00811556604151663,
  "best_val_recon": 0.007621024833305886,
  "best_val_adv": 0.0004945412357827943
}