{
  "trial_id": "te_f16-32-128_k25-25-25",
  "model_kind": "te",
  "arch": {
    "filters": [
      16,
      32,
      128
    ],
    "kernels": [
      25,
      25,
      25
    ],
    "z_dim": 64,
    "dropout": 0.1
  },
  "score": 0.009020244163510046,
  "best_val_total": 0.009020244163510046,
  "best_val_recon": 0.008857994291343187,
  "best_val_adv": 0.00016224997173259524
}