{
  "trial_id": "te_f16-32-64_k13-7-25",
  "model_kind": "te",
  "arch": {
    "filters": [
      16,
      32,
      64
    ],
    "kernels": [
      13,
      7,
      25
    ],
    "z_dim": 64,
    "dropout": 0.1
  },
  "score": 0.0082602013441685,
  "best_val_total": 0.0082602013441685,
  "best_val_recon": 0.00799935007173764,
  "best_val_adv": 0.0002608512992370187
}