{
  "trial_id": "te_f32-32-128_k25-7-13",
  "model_kind": "te",
  "arch": {
    "filters": [
      32,
      32,
      128
    ],
    "kernels": [
      25,
      7,
      13
    ],
    "z_dim": 64,
    "dropout": 0.1
  },
  "score": 0.008485411367330113,
  "best_val_total": 0.008485411367330113,
  "best_val_recon": 0.00837142790030492,
  "best_val_adv": 0.00011398341149814721
}