{
  "trial_id": "te_f16-32-128_k13-7-13",
  "model_kind": "te",
  "arch": {
    "filters": [
      16,
      32,
      128
    ],
    "kernels": [
      13,
      7,
      13
    ],
    "z_dim": 64,
    "dropout": 0.1
  },
  "score": 0.008046159496236788,
  "best_val_total": 0.008046159496236788,
  "best_val_recon": 0.007913011984017334,
  "best_val_adv": 0.0001331474957528132
}