{
  "trial_id": "te_f16-32-64_k13-7-7",
  "model_kind": "te",
  "arch": {
    "filters": [
      16,
      32,
      64
    ],
    "kernels": [
      13,
      7,
      7
    ],
    "z_dim": 64,
    "dropout": 0.1
  },
  "score": 0.008037075473877945,
  "best_val_total": 0.008037075473877945,
  "best_val_recon": 0.007755566657961984,
  "best_val_adv": 0.0002815088350632179
}