{
  "trial_id": "te_f32-64-128_k7-13-13",
  "model_kind": "te",
  "arch": {
    "filters": [
      32,
      64,
      128
    ],
    "kernels": [
      7,
      13,
      13
    ],
    "z_dim": 64,
    "dropout": 0.1
  },
  "score": 0.008043837880617693,
  "best_val_total": 0.008043837880617693,
  "best_val_recon": 0.007892050045101266,
  "best_val_adv": 0.00015178779224362714
}