{
  "trial_id": "te_f16-64-128_k13-13-25",
  "model_kind": "te",
  "arch": {
    "filters": [
      16,
      64,
      128
    ],
    "kernels": [
      13,
      13,
      25
    ],
    "z_dim": 64,
    "dropout": 0.1
  },
  "score": 0.00800444435720381,
  "best_val_total": 0.00800444435720381,
  "best_val_recon": 0.007869083017699029,
  "best_val_adv": 0.00013536132993115308
}