{
  "trial_id": "te_f16-32-64_k25-13-7",
  "model_kind": "te",
  "arch": {
    "filters": [
      16,
      32,
      64
    ],
    "kernels": [
      25,
      13,
      7
    ],
    "z_dim": 64,
    "dropout": 0.1
  },
  "score": 0.007942878052984414,
  "best_val_total": 0.007942878052984414,
  "best_val_recon": 0.007791255502716491,
  "best_val_adv": 0.00015162248172074263
}