{
  "trial_id": "te_f32-64-128_k13-7-25",
  "model_kind": "te",
  "arch": {
    "filters": [
      32,
      64,
      128
    ],
    "kernels": [
      13,
      7,
      25
    ],
    "z_dim": 64,
    "dropout": 0.1
  },
  "score": 0.007861636775104623,
  "best_val_total": 0.007861636775104623,
  "best_val_recon": 0.007776098350357068,
  "best_val_adv": 8.553838319800746e-05
}