{
  "trial_id": "te_f32-64-128_k7-25-13",
  "model_kind": "te",
  "arch": {
    "filters": [
      32,
      64,
      128
    ],
    "kernels": [
      7,
      25,
      13
    ],
    "z_dim": 64,
    "dropout": 0.1
  },
  "score": 0.007974948586994096,
  "best_val_total": 0.007974948586994096,
  "best_val_recon": 0.00788254004069849,
  "best_val_adv": 9.240859531258281e-05
}