{
  "trial_id": "te_f16-64-128_k25-7-25",
  "model_kind": "te",
  "arch": {
    "filters": [
      16,
      64,
      128
    ],
    "kernels": [
      25,
      7,
      25
    ],
    "z_dim": 64,
    "dropout": 0.1
  },
  "score": 0.007966716528723114,
  "best_val_total": 0.007966716528723114,
  "best_val_recon": 0.007827329400338624,
  "best_val_adv": 0.00013938722412077417
}