{
  "trial_id": "te_f32-32-64_k25-7-13",
  "model_kind": "te",
  "arch": {
    "filters": [
      32,
      32,
      64
    ],
    "kernels": [
      25,
      7,
      13
    ],
    "z_dim": 64,
    "dropout": 0.1
  },
  "score": 0.008177103817855058,
  "best_val_total": 0.008177103817855058,
  "best_val_recon": 0.007858353887537592,
  "best_val_adv": 0.00031874987057802314
}