{
  "trial_id": "te_f32-64-128_k25-7-13",
  "model_kind": "te",
  "arch": {
    "filters": [
      32,
      64,
      128
    ],
    "kernels": [
      25,
      7,
      13
    ],
    "z_dim": 64,
    "dropout": 0.1
  },
  "score": 0.008045133987539694,
  "best_val_total": 0.008045133987539694,
  "best_val_recon": 0.007822159873811822,
  "best_val_adv": 0.00022297411985499295
}