{
  "trial_id": "te_f32-32-128_k13-7-7",
  "model_kind": "te",
  "arch": {
    "filters": [
      32,
      32,
      128
    ],
    "kernels": [
      13,
      7,
      7
    ],
    "z_dim": 64,
    "dropout": 0.1
  },
  "score": 0.00756245802499746,
  "best_val_total": 0.00756245802499746,
  "best_val_recon": 0.007361251346178745,
  "best_val_adv": 0.0002012066374606404
}