{
  "trial_id": "te_f16-64-128_k13-7-7",
  "model_kind": "te",
  "arch": {
    "filters": [
      16,
      64,
      128
    ],
    "kernels": [
      13,
      7,
      7
    ],
    "z_dim": 64,
    "dropout": 0.1
  },
  "score": 0.0076942662463376395,
  "best_val_total": 0.0076942662463376395,
  "best_val_recon": 0.007571326299129348,
  "best_val_adv": 0.00012293993112459583
}