{
  "trial_id": "te_f16-32-64_k13-25-13",
  "model_kind": "te",
  "arch": {
    "filters": [
      16,
      32,
      64
    ],
    "kernels": [
      13,
      25,
      13
    ],
    "z_dim": 64,
    "dropout": 0.1
  },
  "score": 0.008170579707151964,
  "best_val_total": 0.008170579707151964,
  "best_val_recon": 0.007974701492409957,
  "best_val_adv": 0.00019587818678701296
}