{
  "trial_id": "te_f16-32-128_k7-25-13",
  "model_kind": "te",
  "arch": {
    "filters": [
      16,
      32,
      128
    ],
    "kernels": [
      7,
      25,
      13
    ],
    "z_dim": 64,
    "dropout": 0.1
  },
  "score": 0.008206875896767565,
  "best_val_total": 0.008206875896767565,
  "best_val_recon": 0.00807860518168462,
  "best_val_adv": 0.00012827072733719098
}