{
  "trial_id": "te_f32-64-64_k13-13-13",
  "model_kind": "te",
  "arch": {
    "filters": [
      32,
      64,
      64
    ],
    "kernels": [
      13,
      13,
      13
    ],
    "z_dim": 64,
    "dropout": 0.1
  },
  "score": 0.007935112611831803,
  "best_val_total": 0.007935112611831803,
  "best_val_recon": 0.007785309204145482,
  "best_val_adv": 0.00014980338853906448
}