{
  "trial_id": "te_f32-32-64_k13-25-13",
  "model_kind": "te",
  "arch": {
    "filters": [
      32,
      32,
      64
    ],
    "kernels": [
      13,
      25,
      13
    ],
    "z_dim": 64,
    "dropout": 0.1
  },
  "score": 0.008556101593728127,
  "best_val_total": 0.008556101593728127,
  "best_val_recon": 0.008372609209465353,
  "best_val_adv": 0.00018349244936344852
}