{
  "trial_id": "te_f32-64-128_k13-7-13",
  "model_kind": "te",
  "arch": {
    "filters": [
      32,
      64,
      128
    ],
    "kernels": [
      13,
      7,
      13
    ],
    "z_dim": 64,
    "dropout": 0.1
  },
  "score": 0.00800498177934634,
  "best_val_total": 0.00800498177934634,
  "best_val_recon": 0.007841680394975762,
  "best_val_adv": 0.0001633013583303086
}