{
  "trial_id": "te_f32-64-128_k7-25-25",
  "model_kind": "te",
  "arch": {
    "filters": [
      32,
      64,
      128
    ],
    "kernels": [
      7,
      25,
      25
    ],
    "z_dim": 64,
    "dropout": 0.1
  },
  "score": 0.008210954427915184,
  "best_val_total": 0.008210954427915184,
  "best_val_recon": 0.008119187513856511,
  "best_val_adv": 9.176688131686348e-05
}