{
  "trial_id": "te_f16-64-64_k7-7-25",
  "model_kind": "te",
  "arch": {
    "filters": [
      16,
      64,
      64
    ],
    "kernels": [
      7,
      7,
      25
    ],
    "z_dim": 64,
    "dropout": 0.1
  },
  "score": 0.007765001764422969,
  "best_val_total": 0.007765001764422969,
  "best_val_recon": 0.007686731307522247,
  "best_val_adv": 7.827047011232935e-05
}