{
  "trial_id": "te_f16-64-64_k7-13-13",
  "model_kind": "te",
  "arch": {
    "filters": [
      16,
      64,
      64
    ],
    "kernels": [
      7,
      13,
      13
    ],
    "z_dim": 64,
    "dropout": 0.1
  },
  "score": 0.00788913520151063,
  "best_val_total": 0.00788913520151063,
  "best_val_recon": 0.007827605758058397,
  "best_val_adv": 6.152949744749716e-05
}