{
  "trial_id": "te_f32-32-128_k7-13-7",
  "model_kind": "te",
  "arch": {
    "filters": [
      32,
      32,
      128
    ],
    "kernels": [
      7,
      13,
      7
    ],
    "z_dim": 64,
    "dropout": 0.1
  },
  "score": 0.007731884007195109,
  "best_val_total": 0.007731884007195109,
  "best_val_recon": 0.007642715948780901,
  "best_val_adv": 8.916810206995394e-05
}