{
  "trial_id": "te_f32-32-128_k25-7-25",
  "model_kind": "te",
  "arch": {
    "filters": [
      32,
      32,
      128
    ],
    "kernels": [
      25,
      7,
      25
    ],
    "z_dim": 64,
    "dropout": 0.1
  },
  "score": 0.007992643421809924,
  "best_val_total": 0.007992643421809924,
  "best_val_recon": 0.00788882617397528,
  "best_val_adv": 0.00010381730144696408
}