{
  "trial_id": "te_f16-32-64_k7-25-13",
  "model_kind": "te",
  "arch": {
    "filters": [
      16,
      32,
      64
    ],
    "kernels": [
      7,
      25,
      13
    ],
    "z_dim": 64,
    "dropout": 0.1
  },
  "score": 0.008739787570543979,
  "best_val_total": 0.008739787570543979,
  "best_val_recon": 0.008489912130722874,
  "best_val_adv": 0.00024987545207534964
}