{
  "trial_id": "te_f16-64-64_k7-25-13",
  "model_kind": "te",
  "arch": {
    "filters": [
      16,
      64,
      64
    ],
    "kernels": [
      7,
      25,
      13
    ],
    "z_dim": 64,
    "dropout": 0.1
  },
  "score": 0.008234066741639063,
  "best_val_total": 0.008234066741639063,
  "best_val_recon": 0.008103645994867148,
  "best_val_adv": 0.0001304207506013642
}