{
  "trial_id": "te_f32-64-64_k13-25-25",
  "model_kind": "te",
  "arch": {
    "filters": [
      32,
      64,
      64
    ],
    "kernels": [
      13,
      25,
      25
    ],
    "z_dim": 64,
    "dropout": 0.1
  },
  "score": 0.008491184219325843,
  "best_val_total": 0.008491184219325843,
  "best_val_recon": 0.008338836217789273,
  "best_val_adv": 0.00015234799885595414
}