{
  "trial_id": "te_f32-64-128_k13-13-25",
  "model_kind": "te",
  "arch": {
    "filters": [
      32,
      64,
      128
    ],
    "kernels": [
      13,
      13,
      25
    ],
    "z_dim": 64,
    "dropout": 0.1
  },
  "score": 0.008388113426534753,
  "best_val_total": 0.008388113426534753,
  "best_val_recon": 0.008188493500806783,
  "best_val_adv": 0.00019961989968770037
}