{
  "trial_id": "te_f16-32-64_k13-7-13",
  "model_kind": "te",
  "arch": {
    "filters": [
      16,
      32,
      64
    ],
    "kernels": [
      13,
      7,
      13
    ],
    "z_dim": 64,
    "dropout": 0.1
  },
  "score": 0.008379902077936813,
  "best_val_total": 0.008379902077936813,
  "best_val_recon": 0.008015885704049939,
  "best_val_adv": 0.0003640163355923601
}