{
  "trial_id": "te_f16-32-64_k25-25-13",
  "model_kind": "te",
  "arch": {
    "filters": [
      16,
      32,
      64
    ],
    "kernels": [
      25,
      25,
      13
    ],
    "z_dim": 64,
    "dropout": 0.1
  },
  "score": 0.008351094579618228,
  "best_val_total": 0.008351094579618228,
  "best_val_recon": 0.008189038324512933,
  "best_val_adv": 0.0001620562217890677
}