{
  "trial_id": "te_f16-64-128_k7-7-7",
  "model_kind": "te",
  "arch": {
    "filters": [
      16,
      64,
      128
    ],
    "kernels": [
      7,
      7,
      7
    ],
    "z_dim": 64,
    "dropout": 0.1
  },
  "score": 0.0077907475887944826,
  "best_val_total": 0.0077907475887944826,
  "best_val_recon": 0.007584473044660531,
  "best_val_adv": 0.0002062744392069841
}