{
  "trial_id": "te_f32-64-128_k25-13-7",
  "model_kind": "te",
  "arch": {
    "filters": [
      32,
      64,
      128
    ],
    "kernels": [
      25,
      13,
      7
    ],
    "z_dim": 64,
    "dropout": 0.1
  },
  "score": 0.007900903295529517,
  "best_val_total": 0.007900903295529517,
  "best_val_recon": 0.007773038122410837,
  "best_val_adv": 0.0001278652163914797
}