{
  "trial_id": "te_f16-32-64_k7-7-25",
  "model_kind": "te",
  "arch": {
    "filters": [
      16,
      32,
      64
    ],
    "kernels": [
      7,
      7,
      25
    ],
    "z_dim": 64,
    "dropout": 0.1
  },
  "score": 0.008541735526370374,
  "best_val_total": 0.008541735526370374,
  "best_val_recon": 0.008404829269765239,
  "best_val_adv": 0.00013690628264540513
}