{
  "trial_id": "te_f32-64-64_k7-13-25",
  "model_kind": "te",
  "arch": {
    "filters": [
      32,
      64,
      64
    ],
    "kernels": [
      7,
      13,
      25
    ],
    "z_dim": 64,
    "dropout": 0.1
  },
  "score": 0.008331359388600839,
  "best_val_total": 0.008331359388600839,
  "best_val_recon": 0.007999867862580638,
  "best_val_adv": 0.0003314914762373327
}