{
  "trial_id": "te_f16-32-128_k13-13-13",
  "model_kind": "te",
  "arch": {
    "filters": [
      16,
      32,
      128
    ],
    "kernels": [
      13,
      13,
      13
    ],
    "z_dim": 64,
    "dropout": 0.1
  },
  "score": 0.008142370215960239,
  "best_val_total": 0.008142370215960239,
  "best_val_recon": 0.007943181222990939,
  "best_val_adv": 0.00019918900484059888
}