{
  "trial_id": "te_f32-64-128_k13-25-25",
  "model_kind": "te",
  "arch": {
    "filters": [
      32,
      64,
      128
    ],
    "kernels": [
      13,
      25,
      25
    ],
    "z_dim": 64,
    "dropout": 0.1
  },
  "score": 0.008338180174560924,
  "best_val_total": 0.008338180174560924,
  "best_val_recon": 0.008134002135576386,
  "best_val_adv": 0.00020417808800151475
}