{
  "trial_id": "te_f16-64-128_k7-13-13",
  "model_kind": "te",
  "arch": {
    "filters": [
      16,
      64,
      128
    ],
    "kernels": [
      7,
      13,
      13
    ],
    "z_dim": 64,
    "dropout": 0.1
  },
  "score": 0.008076524925663284,
  "best_val_total": 0.008076524925663284,
  "best_val_recon": 0.007876791697191564,
  "best_val_adv": 0.0001997331832841921
}