{
  "trial_id": "te_f32-32-64_k25-13-25",
  "model_kind": "te",
  "arch": {
    "filters": [
      32,
      32,
      64
    ],
    "kernels": [
      25,
      13,
      25
    ],
    "z_dim": 64,
    "dropout": 0.1
  },
  "score": 0.00847155071402851,
  "best_val_total": 0.00847155071402851,
  "best_val_recon": 0.008317160346594295,
  "best_val_adv": 0.0001543902885475147
}