{
  "trial_id": "te_f16-32-128_k25-25-13",
  "model_kind": "te",
  "arch": {
    "filters": [
      16,
      32,
      128
    ],
    "kernels": [
      25,
      25,
      13
    ],
    "z_dim": 64,
    "dropout": 0.1
  },
  "score": 0.008336536169640328,
  "best_val_total": 0.008336536169640328,
  "best_val_recon": 0.008158750979131773,
  "best_val_adv": 0.00017778520276279827
}