{
  "trial_id": "te_f16-64-128_k25-7-7",
  "model_kind": "te",
  "arch": {
    "filters": [
      16,
      64,
      128
    ],
    "kernels": [
      25,
      7,
      7
    ],
    "z_dim": 64,
    "dropout": 0.1
  },
  "score": 0.007741943344865975,
  "best_val_total": 0.007741943344865975,
  "best_val_recon": 0.0075605719252244425,
  "best_val_adv": 0.00018137136526332287
}