{
  "trial_id": "te_f32-64-128_k13-25-7",
  "model_kind": "te",
  "arch": {
    "filters": [
      32,
      64,
      128
    ],
    "kernels": [
      13,
      25,
      7
    ],
    "z_dim": 64,
    "dropout": 0.1
  },
  "score": 0.00805600551202109,
  "best_val_total": 0.00805600551202109,
  "best_val_recon": 0.007956455976359154,
  "best_val_adv": 9.954946003027114e-05
}