{
  "trial_id": "te_f32-32-128_k13-25-13",
  "model_kind": "te",
  "arch": {
    "filters": [
      32,
      32,
      128
    ],
    "kernels": [
      13,
      25,
      13
    ],
    "z_dim": 64,
    "dropout": 0.1
  },
  "score": 0.007861459848323935,
  "best_val_total": 0.007861459848323935,
  "best_val_recon": 0.007718662731349468,
  "best_val_adv": 0.00014279715258836453
}