{
  "trial_id": "te_f16-32-128_k13-25-25",
  "model_kind": "te",
  "arch": {
    "filters": [
      16,
      32,
      128
    ],
    "kernels": [
      13,
      25,
      25
    ],
    "z_dim": 64,
    "dropout": 0.1
  },
  "score": 0.008232327986900745,
  "best_val_total": 0.008232327986900745,
  "best_val_recon": 0.008076974337822512,
  "best_val_adv": 0.00015535367971384212
}