{
  "trial_id": "te_f16-32-64_k7-13-7",
  "model_kind": "te",
  "arch": {
    "filters": [
      16,
      32,
      64
    ],
    "kernels": [
      7,
      13,
      7
    ],
    "z_dim": 64,
    "dropout": 0.1
  },
  "score": 0.008366006818649015,
  "best_val_total": 0.008366006818649015,
  "best_val_recon": 0.008070873366178651,
  "best_val_adv": 0.0002951334677881708
}