{
  "trial_id": "te_f32-64-128_k25-7-7",
  "model_kind": "te",
  "arch": {
    "filters": [
      32,
      64,
      128
    ],
    "kernels": [
      25,
      7,
      7
    ],
    "z_dim": 64,
    "dropout": 0.1
  },
  "score": 0.008023281459157405,
  "best_val_total": 0.008023281459157405,
  "best_val_recon": 0.007803858135287699,
  "best_val_adv": 0.00021942339509750078
}