{
  "trial_id": "te_f16-64-64_k7-25-25",
  "model_kind": "te",
  "arch": {
    "filters": [
      16,
      64,
      64
    ],
    "kernels": [
      7,
      25,
      25
    ],
    "z_dim": 64,
    "dropout": 0.1
  },
  "score": 0.00836343161369625,
  "best_val_total": 0.00836343161369625,
  "best_val_recon": 0.008185315877199173,
  "best_val_adv": 0.0001781156851824275
}