{
  "trial_id": "te_f32-32-64_k7-13-7",
  "model_kind": "te",
  "arch": {
    "filters": [
      32,
      32,
      64
    ],
    "kernels": [
      7,
      13,
      7
    ],
    "z_dim": 64,
    "dropout": 0.1
  },
  "score": 0.007731821314480744,
  "best_val_total": 0.007731821314480744,
  "best_val_recon": 0.007658532379489196,
  "best_val_adv": 7.328892742838147e-05
}