{
  "trial_id": "te_f16-32-128_k25-25-7",
  "model_kind": "te",
  "arch": {
    "filters": [
      16,
      32,
      128
    ],
    "kernels": [
      25,
      25,
      7
    ],
    "z_dim": 64,
    "dropout": 0.1
  },
  "score": 0.008321827963778847,
  "best_val_total": 0.008321827963778847,
  "best_val_recon": 0.008135428946269186,
  "best_val_adv": 0.00018639903589102782
}