{
  "trial_id": "te_f16-32-128_k25-13-13",
  "model_kind": "te",
  "arch": {
    "filters": [
      16,
      32,
      128
    ],
    "kernels": [
      25,
      13,
      13
    ],
    "z_dim": 64,
    "dropout": 0.1
  },
  "score": 0.008072374805219863,
  "best_val_total": 0.008072374805219863,
  "best_val_recon": 0.00793076372754417,
  "best_val_adv": 0.00014161099304481852
}