{
  "trial_id": "te_f16-64-128_k25-13-25",
  "model_kind": "te",
  "arch": {
    "filters": [
      16,
      64,
      128
    ],
    "kernels": [
      25,
      13,
      25
    ],
    "z_dim": 64,
    "dropout": 0.1
  },
  "score": 0.008247678094592533,
  "best_val_total": 0.008247678094592533,
  "best_val_recon": 0.00805461666497745,
  "best_val_adv": 0.0001930614522088466
}