{
  "trial_id": "te_f16-32-128_k7-7-25",
  "model_kind": "te",
  "arch": {
    "filters": [
      16,
      32,
      128
    ],
    "kernels": [
      7,
      7,
      25
    ],
    "z_dim": 64,
    "dropout": 0.1
  },
  "score": 0.008370993217747463,
  "best_val_total": 0.008370993217747463,
  "best_val_recon": 0.008159171373240258,
  "best_val_adv": 0.000211821864420352
}