{
  "trial_id": "te_f32-64-64_k7-25-7",
  "model_kind": "te",
  "arch": {
    "filters": [
      32,
      64,
      64
    ],
    "kernels": [
      7,
      25,
      7
    ],
    "z_dim": 64,
    "dropout": 0.1
  },
  "score": 0.008236972688648262,
  "best_val_total": 0.008236972688648262,
  "best_val_recon": 0.00797726282555806,
  "best_val_adv": 0.0002597098309228099
}