{
  "trial_id": "te_f32-32-128_k25-7-7",
  "model_kind": "te",
  "arch": {
    "filters": [
      32,
      32,
      128
    ],
    "kernels": [
      25,
      7,
      7
    ],
    "z_dim": 64,
    "dropout": 0.1
  },
  "score": 0.007523378970003442,
  "best_val_total": 0.007523378970003442,
  "best_val_recon": 0.0074223392446966545,
  "best_val_adv": 0.00010103970615953011
}