{
  "trial_id": "te_f16-64-128_k13-7-13",
  "model_kind": "te",
  "arch": {
    "filters": [
      16,
      64,
      128
    ],
    "kernels": [
      13,
      7,
      13
    ],
    "z_dim": 64,
    "dropout": 0.1
  },
  "score": 0.00800819697446729,
  "best_val_total": 0.00800819697446729,
  "best_val_recon": 0.007886160875817663,
  "best_val_adv": 0.00012203605269621078
}