{
  "trial_id": "te_f32-64-128_k7-7-7",
  "model_kind": "te",
  "arch": {
    "filters": [
      32,
      64,
      128
    ],
    "kernels": [
      7,
      7,
      7
    ],
    "z_dim": 64,
    "dropout": 0.1
  },
  "score": 0.0077757383696734905,
  "best_val_total": 0.0077757383696734905,
  "best_val_recon": 0.007719138514642653,
  "best_val_adv": 5.659975441200291e-05
}