{
  "trial_id": "te_f32-64-128_k25-25-25",
  "model_kind": "te",
  "arch": {
    "filters": [
      32,
      64,
      128
    ],
    "kernels": [
      25,
      25,
      25
    ],
    "z_dim": 64,
    "dropout": 0.1
  },
  "score": 0.00875989705520241,
  "best_val_total": 0.00875989705520241,
  "best_val_recon": 0.008480941313073823,
  "best_val_adv": 0.0002789557697006354
}