{
  "trial_id": "te_f32-32-64_k25-13-7",
  "model_kind": "te",
  "arch": {
    "filters": [
      32,
      32,
      64
    ],
    "kernels": [
      25,
      13,
      7
    ],
    "z_dim": 64,
    "dropout": 0.1
  },
  "score": 0.008112128873012568,
  "best_val_total": 0.008112128873012568,
  "best_val_recon": 0.007988525726097194,
  "best_val_adv": 0.0001236031687432459
}