{
  "trial_id": "te_f32-32-64_k13-25-25",
  "model_kind": "te",
  "arch": {
    "filters": [
      32,
      32,
      64
    ],
    "kernels": [
      13,
      25,
      25
    ],
    "z_dim": 64,
    "dropout": 0.1
  },
  "score": 0.008747053626728686,
  "best_val_total": 0.008747053626728686,
  "best_val_recon": 0.008594588670683535,
  "best_val_adv": 0.00015246489094447737
}