{
  "trial_id": "te_f32-32-128_k7-13-13",
  "model_kind": "te",
  "arch": {
    "filters": [
      32,
      32,
      128
    ],
    "kernels": [
      7,
      13,
      13
    ],
    "z_dim": 64,
    "dropout": 0.1
  },
  "score": 0.008103545657113978,
  "best_val_total": 0.008103545657113978,
  "best_val_recon": 0.007966607294388507,
  "best_val_adv": 0.00013693836425725174
}