{
  "trial_id": "te_f32-32-64_k7-13-13",
  "model_kind": "te",
  "arch": {
    "filters": [
      32,
      32,
      64
    ],
    "kernels": [
      7,
      13,
      13
    ],
    "z_dim": 64,
    "dropout": 0.1
  },
  "score": 0.007985432019555256,
  "best_val_total": 0.007985432019555256,
  "best_val_recon": 0.007827997722319867,
  "best_val_adv": 0.00015743422332697694
}