{
  "trial_id": "te_f32-64-128_k25-13-13",
  "model_kind": "te",
  "arch": {
    "filters": [
      32,
      64,
      128
    ],
    "kernels": [
      25,
      13,
      13
    ],
    "z_dim": 64,
    "dropout": 0.1
  },
  "score": 0.008096500937091676,
  "best_val_total": 0.008096500937091676,
  "best_val_recon": 0.007979485353356913,
  "best_val_adv": 0.00011701555884332935
}