{
  "trial_id": "te_f16-32-128_k7-13-7",
  "model_kind": "te",
  "arch": {
    "filters": [
      16,
      32,
      128
    ],
    "kernels": [
      7,
      13,
      7
    ],
    "z_dim": 64,
    "dropout": 0.1
  },
  "score": 0.007907263861086807,
  "best_val_total": 0.007907263861086807,
  "best_val_recon": 0.007822343074765644,
  "best_val_adv": 8.49208334234151e-05
}