{
  "trial_id": "te_f32-32-64_k7-25-7",
  "model_kind": "te",
  "arch": {
    "filters": [
      32,
      32,
      64
    ],
    "kernels": [
      7,
      25,
      7
    ],
    "z_dim": 64,
    "dropout": 0.1
  },
  "score": 0.008055286236891621,
  "best_val_total": 0.008055286236891621,
  "best_val_recon": 0.007935415120109132,
  "best_val_adv": 0.00011987110184762921
}