{
  "trial_id": "te_f16-32-128_k13-13-7",
  "model_kind": "te",
  "arch": {
    "filters": [
      16,
      32,
      128
    ],
    "kernels": [
      13,
      13,
      7
    ],
    "z_dim": 64,
    "dropout": 0.1
  },
  "score": 0.0077537352366274905,
  "best_val_total": 0.0077537352366274905,
  "best_val_recon": 0.007582143463782574,
  "best_val_adv": 0.00017159178739683213
}