{
  "trial_id": "te_f16-32-128_k25-7-7",
  "model_kind": "te",
  "arch": {
    "filters": [
      16,
      32,
      128
    ],
    "kernels": [
      25,
      7,
      7
    ],
    "z_dim": 64,
    "dropout": 0.1
  },
  "score": 0.007996571323785343,
  "best_val_total": 0.007996571323785343,
  "best_val_recon": 0.007838479316744366,
  "best_val_adv": 0.00015809191283647363
}