{
  "trial_id": "te_f16-32-128_k13-25-13",
  "model_kind": "te",
  "arch": {
    "filters": [
      16,
      32,
      128
    ],
    "kernels": [
      13,
      25,
      13
    ],
    "z_dim": 64,
    "dropout": 0.1
  },
  "score": 0.00837330142722318,
  "best_val_total": 0.00837330142722318,
  "best_val_recon": 0.008174376684780183,
  "best_val_adv": 0.00019892474818717395
}