{
  "trial_id": "te_f16-64-64_k25-7-13",
  "model_kind": "te",
  "arch": {
    "filters": [
      16,
      64,
      64
    ],
    "kernels": [
      25,
      7,
      13
    ],
    "z_dim": 64,
    "dropout": 0.1
  },
  "score": 0.008007489071276627,
  "best_val_total": 0.008007489071276627,
  "best_val_recon": 0.007873193875543381,
  "best_val_adv": 0.00013429524781378475
}