{
  "trial_id": "te_f32-32-128_k7-25-25",
  "model_kind": "te",
  "arch": {
    "filters": [
      32,
      32,
      128
    ],
    "kernels": [
      7,
      25,
      25
    ],
    "z_dim": 64,
    "dropout": 0.1
  },
  "score": 0.008325746993681318,
  "best_val_total": 0.008325746993681318,
  "best_val_recon": 0.008176116934536319,
  "best_val_adv": 0.00014963007446280435
}