{
  "trial_id": "te_f32-64-128_k7-13-7",
  "model_kind": "te",
  "arch": {
    "filters": [
      32,
      64,
      128
    ],
    "kernels": [
      7,
      13,
      7
    ],
    "z_dim": 64,
    "dropout": 0.1
  },
  "score": 0.007790353418769021,
  "best_val_total": 0.007790353418769021,
  "best_val_recon": 0.0075461151029326415,
  "best_val_adv": 0.000244238334217746
}