{
  "trial_id": "te_f32-64-64_k13-25-7",
  "model_kind": "te",
  "arch": {
    "filters": [
      32,
      64,
      64
    ],
    "kernels": [
      13,
      25,
      7
    ],
    "z_dim": 64,
    "dropout": 0.1
  },
  "score": 0.008121492145092864,
  "best_val_total": 0.008121492145092864,
  "best_val_recon": 0.007947731518039578,
  "best_val_adv": 0.00017376064198814625
}