{
  "trial_id": "te_f32-32-128_k13-13-25",
  "model_kind": "te",
  "arch": {
    "filters": [
      32,
      32,
      128
    ],
    "kernels": [
      13,
      13,
      25
    ],
    "z_dim": 64,
    "dropout": 0.1
  },
  "score": 0.008170468242544877,
  "best_val_total": 0.008170468242544877,
  "best_val_recon": 0.008067777257804809,
  "best_val_adv": 0.00010269099661136831
}