{
  "trial_id": "te_f32-64-64_k7-25-13",
  "model_kind": "te",
  "arch": {
    "filters": [
      32,
      64,
      64
    ],
    "kernels": [
      7,
      25,
      13
    ],
    "z_dim": 64,
    "dropout": 0.1
  },
  "score": 0.008311933886847998,
  "best_val_total": 0.008311933886847998,
  "best_val_recon": 0.008213315869828588,
  "best_val_adv": 9.861813132853345e-05
}