{
  "trial_id": "ae_f32-64-64_k25-7-13",
  "model_kind": "ae",
  "arch": {
    "filters": [
      32,
      64,
      64
    ],
    "kernels": [
      25,
      7,
      13
    ],
    "z_dim": 64,
    "dropout": 0.1
  },
  "score": 0.0076138535024304135,
  "best_val_recon": 0.0076138535024304135
}