{
  "trial_id": "ae_f32-32-64_k13-7-13",
  "model_kind": "ae",
  "arch": {
    "filters": [
      32,
      32,
      64
    ],
    "kernels": [
      13,
      7,
      13
    ],
    "z_dim": 64,
    "dropout": 0.1
  },
  "score": 0.006967249694035242,
  "best_val_recon": 0.006967249694035242
}