{
  "trial_id": "ae_f32-32-128_k13-13-7",
  "model_kind": "ae",
  "arch": {
    "filters": [
      32,
      32,
      128
    ],
    "kernels": [
      13,
      13,
      7
    ],
    "z_dim": 64,
    "dropout": 0.1
  },
  "score": 0.0069247415093214885,
  "best_val_recon": 0.0069247415093214885
}