{
  "trial_id": "ae_f16-64-128_k13-7-13",
  "model_kind": "ae",
  "arch": {
    "filters": [
      16,
      64,
      128
    ],
    "kernels": [
      13,
      7,
      13
    ],
    "z_dim": 64,
    "dropout": 0.1
  },
  "score": 0.006963978668576793,
  "best_val_recon": 0.006963978668576793
}