{
  "trial_id": "ae_f16-64-64_k25-13-13",
  "model_kind": "ae",
  "arch": {
    "filters": [
      16,
      64,
      64
    ],
    "kernels": [
      25,
      13,
      13
    ],
    "z_dim": 64,
    "dropout": 0.1
  },
  "score": 0.007561057462896171,
  "best_val_recon": 0.007561057462896171
}