{
  "trial_id": "ae_f16-64-128_k25-25-25",
  "model_kind": "ae",
  "arch": {
    "filters": [
      16,
      64,
      128
    ],
    "kernels": [
      25,
      25,
      25
    ],
    "z_dim": 64,
    "dropout": 0.1
  },
  "score": 0.0077476585283875465,
  "best_val_recon": 0.0077476585283875465
}