{
  "trial_id": "ae_f32-32-128_k7-25-7",
  "model_kind": "ae",
  "arch": {
    "filters": [
      32,
      32,
      128
    ],
    "kernels": [
      7,
      25,
      7
    ],
    "z_dim": 64,
    "dropout": 0.1
  },
  "score": 0.006833188456336134,
  "best_val_recon": 0.006833188456336134
}