{
  "trial_id": "ae_f16-32-128_k25-25-13",
  "model_kind": "ae",
  "arch": {
    "filters": [
      16,
      32,
      128
    ],
    "kernels": [
      25,
      25,
      13
    ],
    "z_dim": 64,
    "dropout": 0.1
  },
  "score": 0.0073632169269809596,
  "best_val_recon": 0.0073632169269809596
}