{
  "trial_id": "ae_f32-32-64_k13-25-13",
  "model_kind": "ae",
  "arch": {
    "filters": [
      32,
      32,
      64
    ],
    "kernels": [
      13,
      25,
      13
    ],
    "z_dim": 64,
    "dropout": 0.1
  },
  "score": 0.0071931898005698856,
  "best_val_recon": 0.0071931898005698856
}