{
  "trial_id": "ae_f32-64-64_k25-25-7",
  "model_kind": "ae",
  "arch": {
    "filters": [
      32,
      64,
      64
    ],
    "kernels": [
      25,
      25,
      7
    ],
    "z_dim": 64,
    "dropout": 0.1
  },
  "score": 0.007295496761798859,
  "best_val_recon": 0.007295496761798859
}