{
  "trial_id": "ae_f32-32-128_k13-7-25",
  "model_kind": "ae",
  "arch": {
    "filters": [
      32,
      32,
      128
    ],
    "kernels": [
      13,
      7,
      25
    ],
    "z_dim": 64,
    "dropout": 0.1
  },
  "score": 0.007223084814062244,
  "best_val_recon": 0.007223084814062244
}