{
  "trial_id": "ae_f16-64-128_k7-13-7",
  "model_kind": "ae",
  "arch": {
    "filters": [
      16,
      64,
      128
    ],
    "kernels": [
      7,
      13,
      7
    ],
    "z_dim": 64,
    "dropout": 0.1
  },
  "score": 0.007046885910983148,
  "best_val_recon": 0.007046885910983148
}