{
  "trial_id": "ae_f16-32-128_k13-25-25",
  "model_kind": "ae",
  "arch": {
    "filters": [
      16,
      32,
      128
    ],
    "kernels": [
      13,
      25,
      25
    ],
    "z_dim": 64,
    "dropout": 0.1
  },
  "score": 0.007506025072775389,
  "best_val_recon": 0.007506025072775389
}