{
  "trial_id": "ae_f16-32-64_k7-13-7",
  "model_kind": "ae",
  "arch": {
    "filters": [
      16,
      32,
      64
    ],
    "kernels": [
      7,
      13,
      7
    ],
    "z_dim": 64,
    "dropout": 0.1
  },
  "score": 0.007078628692972033,
  "best_val_recon": 0.007078628692972033
}