{
  "trial_id": "ae_f16-32-64_k13-7-25",
  "model_kind": "ae",
  "arch": {
    "filters": [
      16,
      32,
      64
    ],
    "kernels": [
      13,
      7,
      25
    ],
    "z_dim": 64,
    "dropout": 0.1
  },
  "score": 0.007444151946784635,
  "best_val_recon": 0.007444151946784635
}