{
  "trial_id": "ae_f32-64-64_k25-25-13",
  "model_kind": "ae",
  "arch": {
    "filters": [
      32,
      64,
      64
    ],
    "kernels": [
      25,
      25,
      13
    ],
    "z_dim": 64,
    "dropout": 0.1
  },
  "score": 0.007520868124342279,
  "best_val_recon": 0.007520868124342279
}