{
  "trial_id": "ae_f32-64-128_k13-25-7",
  "model_kind": "ae",
  "arch": {
    "filters": [
      32,
      64,
      128
    ],
    "kernels": [
      13,
      25,
      7
    ],
    "z_dim": 64,
    "dropout": 0.1
  },
  "score": 0.007215980440378189,
  "best_val_recon": 0.007215980440378189
}