{
  "trial_id": "ae_f32-32-64_k7-13-25",
  "model_kind": "ae",
  "arch": {
    "filters": [
      32,
      32,
      64
    ],
    "kernels": [
      7,
      13,
      25
    ],
    "z_dim": 64,
    "dropout": 0.1
  },
  "score": 0.0075610439097018615,
  "best_val_recon": 0.0075610439097018615
}