{
  "trial_id": "ae_f16-32-64_k13-25-7",
  "model_kind": "ae",
  "arch": {
    "filters": [
      16,
      32,
      64
    ],
    "kernels": [
      13,
      25,
      7
    ],
    "z_dim": 64,
    "dropout": 0.1
  },
  "score": 0.007294646023135436,
  "best_val_recon": 0.007294646023135436
}