{
  "trial_id": "ae_f32-32-64_k25-13-25",
  "model_kind": "ae",
  "arch": {
    "filters": [
      32,
      32,
      64
    ],
    "kernels": [
      25,
      13,
      25
    ],
    "z_dim": 64,
    "dropout": 0.1
  },
  "score": 0.007534195252351071,
  "best_val_recon": 0.007534195252351071
}