{
  "trial_id": "ae_f32-64-64_k7-13-7",
  "model_kind": "ae",
  "arch": {
    "filters": [
      32,
      64,
      64
    ],
    "kernels": [
      7,
      13,
      7
    ],
    "z_dim": 64,
    "dropout": 0.1
  },
  "score": 0.007081615640536735,
  "best_val_recon": 0.007081615640536735
}