{
  "trial_id": "ae_f16-64-64_k13-13-7",
  "model_kind": "ae",
  "arch": {
    "filters": [
      16,
      64,
      64
    ],
    "kernels": [
      13,
      13,
      7
    ],
    "z_dim": 64,
    "dropout": 0.1
  },
  "score": 0.006922366318145865,
  "best_val_recon": 0.006922366318145865
}